rebalance_date,training_end_date,max_training_observation_date,first_live_return_date,universe,method,fund,assets_used,solver_status,fallback_used,objective_value,weight_sum,min_weight,max_weight,rebalance_turnover,risk_contribution_dispersion
2021-01-04,2020-12-31,2020-12-31,2021-01-04,Equity,Equal Weight,Equity Equal Weight,50,success,False,,1.0,0.02,0.02,,0.03242262785969803
2021-02-01,2021-01-29,2021-01-29,2021-02-01,Equity,Equal Weight,Equity Equal Weight,50,success,False,,1.0,0.02,0.02,0.025333838004933648,0.032411668582973084
2021-03-01,2021-02-26,2021-02-26,2021-03-01,Equity,Equal Weight,Equity Equal Weight,50,success,False,,1.0,0.02,0.02,0.04808090956608876,0.032672017902394934
2021-04-01,2021-03-31,2021-03-31,2021-04-01,Equity,Equal Weight,Equity Equal Weight,50,success,False,,1.0,0.02,0.02,0.023346292314515252,0.032343758567403014
2021-05-03,2021-04-30,2021-04-30,2021-05-03,Equity,Equal Weight,Equity Equal Weight,50,success,False,,1.0,0.02,0.02,0.021274224268830293,0.03226151055883862
2021-06-01,2021-05-28,2021-05-28,2021-06-01,Equity,Equal Weight,Equity Equal Weight,50,success,False,,1.0,0.02,0.02,0.020924253875931532,0.03214177788394828
2021-07-01,2021-06-30,2021-06-30,2021-07-01,Equity,Equal Weight,Equity Equal Weight,50,success,False,,1.0,0.02,0.02,0.02667405773322293,0.03204044694501472
2021-08-02,2021-07-30,2021-07-30,2021-08-02,Equity,Equal Weight,Equity Equal Weight,50,success,False,,1.0,0.02,0.02,0.022290182207067678,0.032207178145016904
2021-09-01,2021-08-31,2021-08-31,2021-09-01,Equity,Equal Weight,Equity Equal Weight,50,success,False,,1.0,0.02,0.02,0.018564143772417684,0.032329950624888644
2021-10-01,2021-09-30,2021-09-30,2021-10-01,Equity,Equal Weight,Equity Equal Weight,50,success,False,,1.0,0.02,0.02,0.024861097677564625,0.032512010198144266
2021-11-01,2021-10-29,2021-10-29,2021-11-01,Equity,Equal Weight,Equity Equal Weight,50,success,False,,1.0,0.02,0.02,0.030892860165321362,0.0325700223790609
2021-12-01,2021-11-30,2021-11-30,2021-12-01,Equity,Equal Weight,Equity Equal Weight,50,success,False,,1.0,0.02,0.02,0.03273590616817377,0.03277333601851478
2022-01-03,2021-12-31,2021-12-31,2022-01-03,Equity,Equal Weight,Equity Equal Weight,50,success,False,,1.0,0.02,0.02,0.022483032262101882,0.03284523524660269
2022-02-01,2022-01-31,2022-01-31,2022-02-01,Equity,Equal Weight,Equity Equal Weight,50,success,False,,1.0,0.02,0.02,0.04088312553808703,0.03289166001766229
2022-03-01,2022-02-28,2022-02-28,2022-03-01,Equity,Equal Weight,Equity Equal Weight,50,success,False,,1.0,0.02,0.02,0.028415889189891477,0.0323888149352332
2022-04-01,2022-03-31,2022-03-31,2022-04-01,Equity,Equal Weight,Equity Equal Weight,50,success,False,,1.0,0.02,0.02,0.033484632764041705,0.03228649217700203
2022-05-02,2022-04-29,2022-04-29,2022-05-02,Equity,Equal Weight,Equity Equal Weight,50,success,False,,1.0,0.02,0.02,0.036011266897346905,0.031857197077887756
2022-06-01,2022-05-31,2022-05-31,2022-06-01,Equity,Equal Weight,Equity Equal Weight,50,success,False,,1.0,0.02,0.02,0.02998287399249277,0.031586858821348825
2022-07-01,2022-06-30,2022-06-30,2022-07-01,Equity,Equal Weight,Equity Equal Weight,50,success,False,,1.0,0.02,0.02,0.035731082777456694,0.030954114972549747
2022-08-01,2022-07-29,2022-07-29,2022-08-01,Equity,Equal Weight,Equity Equal Weight,50,success,False,,1.0,0.02,0.02,0.027947302729232272,0.03105208255490334
2022-09-01,2022-08-31,2022-08-31,2022-09-01,Equity,Equal Weight,Equity Equal Weight,50,success,False,,1.0,0.02,0.02,0.021912206328306094,0.03043814204890421
2022-10-03,2022-09-30,2022-09-30,2022-10-03,Equity,Equal Weight,Equity Equal Weight,50,success,False,,1.0,0.02,0.02,0.028851780763759736,0.029609300983928315
2022-11-01,2022-10-31,2022-10-31,2022-11-01,Equity,Equal Weight,Equity Equal Weight,50,success,False,,1.0,0.02,0.02,0.03597641824833056,0.028658790030674598
2022-12-01,2022-11-30,2022-11-30,2022-12-01,Equity,Equal Weight,Equity Equal Weight,50,success,False,,1.0,0.02,0.02,0.028513568246996954,0.02818236550814797
2023-01-03,2022-12-30,2022-12-30,2023-01-03,Equity,Equal Weight,Equity Equal Weight,50,success,False,,1.0,0.02,0.02,0.022242937945455434,0.02795730258528701
2023-02-01,2023-01-31,2023-01-31,2023-02-01,Equity,Equal Weight,Equity Equal Weight,50,success,False,,1.0,0.02,0.02,0.032267192503836514,0.027637729506531518
2023-03-01,2023-02-28,2023-02-28,2023-03-01,Equity,Equal Weight,Equity Equal Weight,50,success,False,,1.0,0.02,0.02,0.0202553021539436,0.027571031564408828
2023-04-03,2023-03-31,2023-03-31,2023-04-03,Equity,Equal Weight,Equity Equal Weight,50,success,False,,1.0,0.02,0.02,0.02867305480854873,0.027458507467120526
2023-05-01,2023-04-28,2023-04-28,2023-05-01,Equity,Equal Weight,Equity Equal Weight,50,success,False,,1.0,0.02,0.02,0.019335278615591103,0.02740088065753256
2023-06-01,2023-05-31,2023-05-31,2023-06-01,Equity,Equal Weight,Equity Equal Weight,50,success,False,,1.0,0.02,0.02,0.031073954582808178,0.02727144435769455
2023-07-03,2023-06-30,2023-06-30,2023-07-03,Equity,Equal Weight,Equity Equal Weight,50,success,False,,1.0,0.02,0.02,0.019012056781482885,0.027186945561332946
2023-08-01,2023-07-31,2023-07-31,2023-08-01,Equity,Equal Weight,Equity Equal Weight,50,success,False,,1.0,0.02,0.02,0.02208908893646033,0.027219623362431365
2023-09-01,2023-08-31,2023-08-31,2023-09-01,Equity,Equal Weight,Equity Equal Weight,50,success,False,,1.0,0.02,0.02,0.021630116488075418,0.02709913191037288
2023-10-02,2023-09-29,2023-09-29,2023-10-02,Equity,Equal Weight,Equity Equal Weight,50,success,False,,1.0,0.02,0.02,0.019764388141731093,0.027022132226536155
2023-11-01,2023-10-31,2023-10-31,2023-11-01,Equity,Equal Weight,Equity Equal Weight,50,success,False,,1.0,0.02,0.02,0.022386155925351217,0.026910107304505763
2023-12-01,2023-11-30,2023-11-30,2023-12-01,Equity,Equal Weight,Equity Equal Weight,50,success,False,,1.0,0.02,0.02,0.029474394557912065,0.0267559389644652
2021-01-04,2020-12-31,2020-12-31,2021-01-04,Equity,Minimum Variance,Equity Minimum Variance,50,success,False,0.00025519853425508716,1.0000000000000002,0.0,0.10645413085054527,,0.09681926878803758
2021-02-01,2021-01-29,2021-01-29,2021-02-01,Equity,Minimum Variance,Equity Minimum Variance,50,success,False,0.00024369677467059303,1.0000000000000002,0.0,0.10255297058381967,0.03049899408982979,0.09257568418583947
2021-03-01,2021-02-26,2021-02-26,2021-03-01,Equity,Minimum Variance,Equity Minimum Variance,50,success,False,0.00023136907836518152,1.0,0.0,0.10188832238380237,0.02124339000691177,0.09275429943541852
2021-04-01,2021-03-31,2021-03-31,2021-04-01,Equity,Minimum Variance,Equity Minimum Variance,50,success,False,0.0002250929056052325,1.0,0.0,0.09305915992038255,0.04722613079273217,0.08244102592968491
2021-05-03,2021-04-30,2021-04-30,2021-05-03,Equity,Minimum Variance,Equity Minimum Variance,50,success,False,0.00021261832618738998,1.0,0.0,0.09186628436409783,0.02027693392546235,0.08221239057541886
2021-06-01,2021-05-28,2021-05-28,2021-06-01,Equity,Minimum Variance,Equity Minimum Variance,50,success,False,0.00020314225052467415,1.0,0.0,0.09071505716352135,0.02108055492225351,0.08170679645380914
2021-07-01,2021-06-30,2021-06-30,2021-07-01,Equity,Minimum Variance,Equity Minimum Variance,50,success,False,0.0001999605131315265,0.9999999999999999,0.0,0.08233834710714719,0.05269530830023611,0.07152415395148815
2021-08-02,2021-07-30,2021-07-30,2021-08-02,Equity,Minimum Variance,Equity Minimum Variance,50,success,False,0.00019049103878961016,0.9999999999999999,0.0,0.0820584041594155,0.012710561330837047,0.0712338940325928
2021-09-01,2021-08-31,2021-08-31,2021-09-01,Equity,Minimum Variance,Equity Minimum Variance,50,success,False,0.0001758478760704133,1.0000000000000002,0.0,0.08923436450788384,0.05580239791259072,0.08158597706148567
2021-10-01,2021-09-30,2021-09-30,2021-10-01,Equity,Minimum Variance,Equity Minimum Variance,50,success,False,0.0001764826487268752,1.0,0.0,0.08011323189425637,0.06596955371230527,0.0695811660337574
2021-11-01,2021-10-29,2021-10-29,2021-11-01,Equity,Minimum Variance,Equity Minimum Variance,50,success,False,0.00017442427299335815,1.0,0.0,0.07532489768374086,0.04856061586391485,0.06317537379350865
2021-12-01,2021-11-30,2021-11-30,2021-12-01,Equity,Minimum Variance,Equity Minimum Variance,50,success,False,0.00015813912248995615,1.0,0.0,0.09146748559221654,0.103662396094893,0.08345158621256989
2022-01-03,2021-12-31,2021-12-31,2022-01-03,Equity,Minimum Variance,Equity Minimum Variance,50,success,False,0.00016768411676712985,0.9999999999999999,0.0,0.07033617549058445,0.1378404955714476,0.05746099567121795
2022-02-01,2022-01-31,2022-01-31,2022-02-01,Equity,Minimum Variance,Equity Minimum Variance,50,success,False,0.00016447078964494652,0.9999999999999998,0.0,0.06882301669905953,0.026569411032021987,0.05594895682005353
2022-03-01,2022-02-28,2022-02-28,2022-03-01,Equity,Minimum Variance,Equity Minimum Variance,50,success,False,0.00015529273025118034,1.0,0.0,0.0769511811471266,0.04943328600327311,0.06584139482304914
2022-04-01,2022-03-31,2022-03-31,2022-04-01,Equity,Minimum Variance,Equity Minimum Variance,50,success,False,0.0001512516346837183,0.9999999999999998,0.0,0.0788904233665551,0.027759302791346425,0.0673616123953274
2022-05-02,2022-04-29,2022-04-29,2022-05-02,Equity,Minimum Variance,Equity Minimum Variance,50,success,False,0.0001614389748630442,1.0,0.0,0.0635534646585692,0.10935390795317343,0.048829359576326496
2022-06-01,2022-05-31,2022-05-31,2022-06-01,Equity,Minimum Variance,Equity Minimum Variance,50,success,False,0.00015938063643509084,1.0,0.0,0.06391564356559355,0.03639916941222734,0.04966317824745339
2022-07-01,2022-06-30,2022-06-30,2022-07-01,Equity,Minimum Variance,Equity Minimum Variance,50,success,False,0.00015264262988423394,1.0,0.0,0.07256693564226131,0.059233851293347725,0.060127759927158124
2022-08-01,2022-07-29,2022-07-29,2022-08-01,Equity,Minimum Variance,Equity Minimum Variance,50,success,False,0.00014980682809920902,1.0,0.0,0.07216299220765601,0.03573303686936079,0.060321921329799515
2022-09-01,2022-08-31,2022-08-31,2022-09-01,Equity,Minimum Variance,Equity Minimum Variance,50,success,False,0.00015023735286178935,1.0,0.0,0.06781456623267242,0.031068499184579837,0.05539295920971114
2022-10-03,2022-09-30,2022-09-30,2022-10-03,Equity,Minimum Variance,Equity Minimum Variance,50,success,False,0.00014855904987375973,1.0000000000000002,0.0,0.07126571047110229,0.025991783553518697,0.060200681888526855
2022-11-01,2022-10-31,2022-10-31,2022-11-01,Equity,Minimum Variance,Equity Minimum Variance,50,success,False,0.0001501373093475062,1.0,0.0,0.07110205266914892,0.03296929285458746,0.06013407974720852
2022-12-01,2022-11-30,2022-11-30,2022-12-01,Equity,Minimum Variance,Equity Minimum Variance,50,success,False,0.00016026186889470586,0.9999999999999999,0.0,0.058217860804589086,0.09532992110364447,0.04510623060991423
2023-01-03,2022-12-30,2022-12-30,2023-01-03,Equity,Minimum Variance,Equity Minimum Variance,50,success,False,0.00015950580763679137,1.0,0.0,0.05638427719939861,0.02223572855015488,0.0433969511226743
2023-02-01,2023-01-31,2023-01-31,2023-02-01,Equity,Minimum Variance,Equity Minimum Variance,50,success,False,0.00015201136783472507,1.0,0.0,0.06189194375019864,0.05719900015424843,0.04955227723865213
2023-03-01,2023-02-28,2023-02-28,2023-03-01,Equity,Minimum Variance,Equity Minimum Variance,50,success,False,0.00015334702534227406,1.0,0.0,0.05792945200372238,0.0409833035815384,0.04521745969600857
2023-04-03,2023-03-31,2023-03-31,2023-04-03,Equity,Minimum Variance,Equity Minimum Variance,50,success,False,0.00014782999039118105,1.0,0.0,0.06213236358112471,0.03214554229338754,0.04995718384025267
2023-05-01,2023-04-28,2023-04-28,2023-05-01,Equity,Minimum Variance,Equity Minimum Variance,50,success,False,0.00014660507559740256,0.9999999999999999,0.0,0.06087837588961453,0.021622977217320767,0.048770199016067266
2023-06-01,2023-05-31,2023-05-31,2023-06-01,Equity,Minimum Variance,Equity Minimum Variance,50,success,False,0.00014563447884236865,1.0,0.0,0.059015976404988804,0.025900396520422322,0.04694255703387104
2023-07-03,2023-06-30,2023-06-30,2023-07-03,Equity,Minimum Variance,Equity Minimum Variance,50,success,False,0.00014305641952220028,1.0,0.0,0.05895618972172044,0.016684185471723567,0.04674796883638091
2023-08-01,2023-07-31,2023-07-31,2023-08-01,Equity,Minimum Variance,Equity Minimum Variance,50,success,False,0.0001407420039374574,1.0,0.0,0.05888635163467405,0.018502647176512534,0.046334986225002296
2023-09-01,2023-08-31,2023-08-31,2023-09-01,Equity,Minimum Variance,Equity Minimum Variance,50,success,False,0.00022097822901841858,1.0,0.02,0.02,0.4076918575793079,0.02709913191037288
2023-10-02,2023-09-29,2023-09-29,2023-10-02,Equity,Minimum Variance,Equity Minimum Variance,50,success,False,0.0002173587772763525,1.0,0.02,0.02,0.019764388141731093,0.027022132226536155
2023-11-01,2023-10-31,2023-10-31,2023-11-01,Equity,Minimum Variance,Equity Minimum Variance,50,success,False,0.00021413685960390035,1.0,0.02,0.02,0.022386155925351217,0.026910107304505763
2023-12-01,2023-11-30,2023-11-30,2023-12-01,Equity,Minimum Variance,Equity Minimum Variance,50,success,False,0.0002113381201595195,1.0,0.02,0.02,0.029474394557912065,0.0267559389644652
2021-01-04,2020-12-31,2020-12-31,2021-01-04,Equity,Tangency,Equity Tangency,50,success,False,-0.1172676796370191,1.0,0.0,0.2908226220510163,,0.2885830795799438
2021-02-01,2021-01-29,2021-01-29,2021-02-01,Equity,Tangency,Equity Tangency,50,success,False,-0.10713884288938647,0.9999999999999999,0.0,0.26913727063481907,0.23945800540439152,0.381291558196408
2021-03-01,2021-02-26,2021-02-26,2021-03-01,Equity,Tangency,Equity Tangency,50,success,False,-0.10246313286301116,1.0,0.0,0.4933900491924634,0.4200631774741167,0.6725839442631589
2021-04-01,2021-03-31,2021-03-31,2021-04-01,Equity,Tangency,Equity Tangency,50,success,False,-0.10202763260170665,1.0,0.0,0.30223548959126467,0.3098300833461232,0.44804423334621135
2021-05-03,2021-04-30,2021-04-30,2021-05-03,Equity,Tangency,Equity Tangency,50,success,False,-0.11123914241515592,1.0,0.0,0.3297584722414656,0.19852614308248906,0.4014302870416314
2021-06-01,2021-05-28,2021-05-28,2021-06-01,Equity,Tangency,Equity Tangency,50,success,False,-0.12168768606954834,0.9999999999999999,0.0,0.28451221636771273,0.18775627621522845,0.3068351456979332
2021-07-01,2021-06-30,2021-06-30,2021-07-01,Equity,Tangency,Equity Tangency,50,success,False,-0.12115919175201478,1.0,0.0,0.40969568760178987,0.21227135597332425,0.5996618244492734
2021-08-02,2021-07-30,2021-07-30,2021-08-02,Equity,Tangency,Equity Tangency,50,success,False,-0.11635798550660706,1.0,0.0,0.4069731846094178,0.14640479872418363,0.5939268121467094
2021-09-01,2021-08-31,2021-08-31,2021-09-01,Equity,Tangency,Equity Tangency,50,success,False,-0.12297773404780728,1.0,0.0,0.496197506962535,0.17098626222635635,0.6642603691354066
2021-10-01,2021-09-30,2021-09-30,2021-10-01,Equity,Tangency,Equity Tangency,50,success,False,-0.10934352934575337,0.9999999999999999,0.0,0.5727691646691375,0.07263684004226079,0.754329895443135
2021-11-01,2021-10-29,2021-10-29,2021-11-01,Equity,Tangency,Equity Tangency,50,success,False,-0.12250356422342143,1.0,0.0,0.5222074946009154,0.10881336654151866,0.7106757328271034
2021-12-01,2021-11-30,2021-11-30,2021-12-01,Equity,Tangency,Equity Tangency,50,success,False,-0.1291805276416345,1.0,0.0,0.6518462186037894,0.07934269963459094,0.8371788913924963
2022-01-03,2021-12-31,2021-12-31,2022-01-03,Equity,Tangency,Equity Tangency,50,success,False,-0.12507637863391968,1.0,0.0,0.40346480400097445,0.22675493181252493,0.6269244238605512
2022-02-01,2022-01-31,2022-01-31,2022-02-01,Equity,Tangency,Equity Tangency,50,success,False,-0.11138473557073149,1.0,0.0,0.334047969950121,0.12727412384687323,0.5584308482435997
2022-03-01,2022-02-28,2022-02-28,2022-03-01,Equity,Tangency,Equity Tangency,50,success,False,-0.11409202795143732,1.0,0.0,0.27129437528685363,0.13085054356137626,0.4499270323363151
2022-04-01,2022-03-31,2022-03-31,2022-04-01,Equity,Tangency,Equity Tangency,50,success,False,-0.12381229257255462,1.0,0.0,0.2285263367560722,0.09036362658332091,0.38095263983809474
2022-05-02,2022-04-29,2022-04-29,2022-05-02,Equity,Tangency,Equity Tangency,50,success,False,-0.10726707120091045,1.0,0.0,0.21879047111664324,0.05703090185135744,0.2961244985294379
2022-06-01,2022-05-31,2022-05-31,2022-06-01,Equity,Tangency,Equity Tangency,50,success,False,-0.09700996332585567,1.0,0.0,0.3115451822083021,0.11685628387082349,0.30641566906401696
2022-07-01,2022-06-30,2022-06-30,2022-07-01,Equity,Tangency,Equity Tangency,50,success,False,-0.08589239872875802,0.9999999999999999,0.0,0.43450009583447924,0.15419690502408162,0.40783624724676376
2022-08-01,2022-07-29,2022-07-29,2022-08-01,Equity,Tangency,Equity Tangency,50,success,False,-0.08872864601161794,1.0,0.0,0.31943337189131693,0.23719745086989838,0.304903981394015
2022-09-01,2022-08-31,2022-08-31,2022-09-01,Equity,Tangency,Equity Tangency,50,success,False,-0.08246377432517991,0.9999999999999999,0.0,0.25626557041008313,0.14208849423976969,0.2567787778817188
2022-10-03,2022-09-30,2022-09-30,2022-10-03,Equity,Tangency,Equity Tangency,50,success,False,-0.07069611705548896,1.0,0.0,0.3699777498329113,0.14846526410462263,0.30073787444767325
2022-11-01,2022-10-31,2022-10-31,2022-11-01,Equity,Tangency,Equity Tangency,50,success,False,-0.07920416964509881,1.0,0.0,0.37200477870799886,0.0632665817580405,0.3022303755940981
2022-12-01,2022-11-30,2022-11-30,2022-12-01,Equity,Tangency,Equity Tangency,50,success,False,-0.08521397473215793,1.0000000000000002,0.0,0.43292406622362045,0.20062041584002774,0.35331825725498045
2023-01-03,2022-12-30,2022-12-30,2023-01-03,Equity,Tangency,Equity Tangency,50,success,False,-0.0794193893792537,1.0,0.0,0.500061299249266,0.0781506926069451,0.44242365625156677
2023-02-01,2023-01-31,2023-01-31,2023-02-01,Equity,Tangency,Equity Tangency,50,success,False,-0.08406000515267603,0.9999999999999999,0.0,0.34768598877930906,0.13531777971038367,0.3777165370950209
2023-03-01,2023-02-28,2023-02-28,2023-03-01,Equity,Tangency,Equity Tangency,50,success,False,-0.08613089066449803,0.9999999999999999,0.0,0.4327762149384935,0.13310984312529703,0.35833154338702344
2023-04-03,2023-03-31,2023-03-31,2023-04-03,Equity,Tangency,Equity Tangency,50,success,False,-0.08767843225328265,1.0,0.0,0.44183929436311375,0.044795375302061305,0.4393178400620416
2023-05-01,2023-04-28,2023-04-28,2023-05-01,Equity,Tangency,Equity Tangency,50,success,False,-0.08488050076356891,1.0,0.0,0.39360272953349706,0.08281305736533318,0.47067326744603083
2023-06-01,2023-05-31,2023-05-31,2023-06-01,Equity,Tangency,Equity Tangency,50,success,False,-0.0860728724785346,1.0,0.0,0.4204885336037543,0.06879064955228126,0.6619127768010522
2023-07-03,2023-06-30,2023-06-30,2023-07-03,Equity,Tangency,Equity Tangency,50,success,False,-0.08986378108571975,1.0,0.0,0.4154658623039408,0.09093343670755075,0.6295941723800424
2023-08-01,2023-07-31,2023-07-31,2023-08-01,Equity,Tangency,Equity Tangency,50,success,False,-0.09374922033592667,1.0,0.0,0.39042206555808634,0.09066501387257064,0.6025989650558723
2023-09-01,2023-08-31,2023-08-31,2023-09-01,Equity,Tangency,Equity Tangency,50,success,False,-0.09308630874968404,1.0000000000000002,0.0,0.40110164190202563,0.01239849198263992,0.6191681612073242
2023-10-02,2023-09-29,2023-09-29,2023-10-02,Equity,Tangency,Equity Tangency,50,success,False,-0.08857706536119887,1.0,0.0,0.3754784107285406,0.061076688845910276,0.5996793058618191
2023-11-01,2023-10-31,2023-10-31,2023-11-01,Equity,Tangency,Equity Tangency,50,success,False,-0.08433276863221158,1.0,0.0,0.3837784562944649,0.06864853023145595,0.6206731983569335
2023-12-01,2023-11-30,2023-11-30,2023-12-01,Equity,Tangency,Equity Tangency,50,success,False,-0.08790962072972139,1.0,0.0,0.4016302187853759,0.07453523115762352,0.6164713644287946
2021-01-04,2020-12-31,2020-12-31,2021-01-04,Equity,Risk Parity,Equity Risk Parity,50,success,False,1.2413131598859946e-07,1.0000000000000002,0.009815001904613398,0.03904945285914225,,0.0002784071052841959
2021-02-01,2021-01-29,2021-01-29,2021-02-01,Equity,Risk Parity,Equity Risk Parity,50,success,False,1.0825620281062328e-07,1.0,0.009818919041159618,0.038694896795835446,0.023853614617483948,0.0002492473707162088
2021-03-01,2021-02-26,2021-02-26,2021-03-01,Equity,Risk Parity,Equity Risk Parity,50,success,False,1.0332405190858366e-07,1.0,0.0097672893396468,0.038365901682324614,0.04317985701500296,0.00023550669431123689
2021-04-01,2021-03-31,2021-03-31,2021-04-01,Equity,Risk Parity,Equity Risk Parity,50,success,False,9.031100563031842e-08,1.0,0.009838560901163928,0.03788586690449988,0.02172571871535437,0.00020289819193811814
2021-05-03,2021-04-30,2021-04-30,2021-05-03,Equity,Risk Parity,Equity Risk Parity,50,success,False,8.854469362077134e-08,0.9999999999999999,0.00986625742345584,0.03756312111084434,0.020114504756861336,0.00019355697644710124
2021-06-01,2021-05-28,2021-05-28,2021-06-01,Equity,Risk Parity,Equity Risk Parity,50,success,False,8.284449746868367e-08,1.0,0.009879999650383062,0.037175882843829215,0.021143372890654953,0.000195252546711204
2021-07-01,2021-06-30,2021-06-30,2021-07-01,Equity,Risk Parity,Equity Risk Parity,50,success,False,7.36422177906439e-08,0.9999999999999999,0.009898315822102008,0.03671446178522702,0.024355681533205352,0.0001846486941488902
2021-08-02,2021-07-30,2021-07-30,2021-08-02,Equity,Risk Parity,Equity Risk Parity,50,success,False,7.89083418133932e-08,1.0,0.009859281846668157,0.03657611507421663,0.01912476105012749,0.00020192923331153328
2021-09-01,2021-08-31,2021-08-31,2021-09-01,Equity,Risk Parity,Equity Risk Parity,50,success,False,7.829296280652511e-08,1.0,0.009810047165863426,0.036140376960583066,0.018307492119321145,0.00020445905498222075
2021-10-01,2021-09-30,2021-09-30,2021-10-01,Equity,Risk Parity,Equity Risk Parity,50,success,False,7.791273943882328e-08,1.0,0.009778597439870912,0.03610345176393642,0.01979274535039214,0.00020783835783564492
2021-11-01,2021-10-29,2021-10-29,2021-11-01,Equity,Risk Parity,Equity Risk Parity,50,success,False,7.503364677790922e-08,1.0,0.009790415621326449,0.0363061460177289,0.0316106354913184,0.00020320270605198726
2021-12-01,2021-11-30,2021-11-30,2021-12-01,Equity,Risk Parity,Equity Risk Parity,50,success,False,7.747029283401845e-08,1.0,0.00976285268956384,0.03653715679378659,0.030618231789507323,0.00020030726003412644
2022-01-03,2021-12-31,2021-12-31,2022-01-03,Equity,Risk Parity,Equity Risk Parity,50,success,False,8.533193982185787e-08,1.0,0.00975561464565248,0.036552081160877145,0.021547540254248067,0.00020924136740315888
2022-02-01,2022-01-31,2022-01-31,2022-02-01,Equity,Risk Parity,Equity Risk Parity,50,success,False,8.324938947190126e-08,1.0,0.009774470485430462,0.03665369736661329,0.03348415313206844,0.00020353100742161873
2022-03-01,2022-02-28,2022-02-28,2022-03-01,Equity,Risk Parity,Equity Risk Parity,50,success,False,8.661633715573093e-08,1.0,0.009951580167342659,0.03718870768696986,0.027218009570733216,0.0002064429382981174
2022-04-01,2022-03-31,2022-03-31,2022-04-01,Equity,Risk Parity,Equity Risk Parity,50,success,False,6.510481876810644e-08,1.0,0.010025506253915233,0.03814018519786992,0.0288610693653036,0.0001996659166621055
2022-05-02,2022-04-29,2022-04-29,2022-05-02,Equity,Risk Parity,Equity Risk Parity,50,success,False,4.387599812542807e-08,1.0,0.01007315527225239,0.037692485277525715,0.03382683829051032,0.0001622438979555288
2022-06-01,2022-05-31,2022-05-31,2022-06-01,Equity,Risk Parity,Equity Risk Parity,50,success,False,5.44764083466729e-08,1.0,0.010071704592097044,0.037408837062568374,0.030992183252269937,0.00018055497947280785
2022-07-01,2022-06-30,2022-06-30,2022-07-01,Equity,Risk Parity,Equity Risk Parity,50,success,False,6.691444367969565e-08,0.9999999999999997,0.010198880840362485,0.0373305761446374,0.032617632730085395,0.00021240233952677517
2022-08-01,2022-07-29,2022-07-29,2022-08-01,Equity,Risk Parity,Equity Risk Parity,50,success,False,6.479492616488607e-08,1.0,0.010198288703352397,0.037427596415076266,0.03235958176910926,0.00019767734737130907
2022-09-01,2022-08-31,2022-08-31,2022-09-01,Equity,Risk Parity,Equity Risk Parity,50,success,False,6.295214863760346e-08,1.0,0.010334234567489253,0.03698324317494252,0.02011278620741451,0.0001936251115800154
2022-10-03,2022-09-30,2022-09-30,2022-10-03,Equity,Risk Parity,Equity Risk Parity,50,success,False,6.029959048285527e-08,1.0,0.010498587033460514,0.03642534218191266,0.02971901827943094,0.0002053250788475805
2022-11-01,2022-10-31,2022-10-31,2022-11-01,Equity,Risk Parity,Equity Risk Parity,50,success,False,2.1679265618327336e-07,1.0,0.010708774560384911,0.03593300945108805,0.03435503043270796,0.0003817786087169789
2022-12-01,2022-11-30,2022-11-30,2022-12-01,Equity,Risk Parity,Equity Risk Parity,50,success,False,2.007280505312102e-07,1.0000000000000002,0.010764873257315287,0.03567423776250178,0.02820903861306956,0.0003768602273090983
2023-01-03,2022-12-30,2022-12-30,2023-01-03,Equity,Risk Parity,Equity Risk Parity,50,success,False,1.7915958940558454e-07,1.0,0.010797586785249518,0.035489997033825556,0.020166983402714236,0.0003414097038517208
2023-02-01,2023-01-31,2023-01-31,2023-02-01,Equity,Risk Parity,Equity Risk Parity,50,success,False,1.6171443769356766e-07,1.0,0.010868239623680793,0.035285620002752274,0.032602771978325194,0.0003209801475753879
2023-03-01,2023-02-28,2023-02-28,2023-03-01,Equity,Risk Parity,Equity Risk Parity,50,success,False,1.64611120930294e-07,1.0,0.010888865051228332,0.03531299971506039,0.019449725908442635,0.0003246161503499302
2023-04-03,2023-03-31,2023-03-31,2023-04-03,Equity,Risk Parity,Equity Risk Parity,50,success,False,1.7036877906143845e-07,1.0,0.010939277136548119,0.0354687995030817,0.02432130941072059,0.00034220820634406693
2023-05-01,2023-04-28,2023-04-28,2023-05-01,Equity,Risk Parity,Equity Risk Parity,50,success,False,1.7226456924876949e-07,1.0,0.010960962235835146,0.03549489126698692,0.019361601609242704,0.00034818854172382827
2023-06-01,2023-05-31,2023-05-31,2023-06-01,Equity,Risk Parity,Equity Risk Parity,50,success,False,1.6748392439731725e-07,1.0,0.011002382995434684,0.03555312967954677,0.027408373087354325,0.0003467608405556648
2023-07-03,2023-06-30,2023-06-30,2023-07-03,Equity,Risk Parity,Equity Risk Parity,50,success,False,1.685821940335652e-07,1.0,0.01103197025480507,0.03557815175212868,0.018267790653352545,0.00035023048981208324
2023-08-01,2023-07-31,2023-07-31,2023-08-01,Equity,Risk Parity,Equity Risk Parity,50,success,False,1.703469149278232e-07,0.9999999999999998,0.011030306519726443,0.035615438953136395,0.021201867692330116,0.0003530037383030378
2023-09-01,2023-08-31,2023-08-31,2023-09-01,Equity,Risk Parity,Equity Risk Parity,50,success,False,1.6958288818376084e-07,1.0,0.01106524893338841,0.035599786615229535,0.021653534608913977,0.00034936062939430745
2023-10-02,2023-09-29,2023-09-29,2023-10-02,Equity,Risk Parity,Equity Risk Parity,50,success,False,1.6759538651540121e-07,1.0,0.011097795348966944,0.035622647598269074,0.018745614290246952,0.00034764794193001616
2023-11-01,2023-10-31,2023-10-31,2023-11-01,Equity,Risk Parity,Equity Risk Parity,50,success,False,1.7493676768580182e-07,1.0,0.011145189922768932,0.03577970885929167,0.022521202638742355,0.00036084186993569703
2023-12-01,2023-11-30,2023-11-30,2023-12-01,Equity,Risk Parity,Equity Risk Parity,50,success,False,1.8344214931896727e-07,1.0,0.011211657369706144,0.03601151931098341,0.029442361738697027,0.0003694599831147831
2021-01-01,2020-12-31,2020-12-31,2021-01-01,Crypto,Equal Weight,Crypto Equal Weight,10,success,False,,1.0,0.1,0.1,,0.039503833968109664
2021-02-01,2021-01-31,2021-01-31,2021-02-01,Crypto,Equal Weight,Crypto Equal Weight,10,success,False,,1.0,0.1,0.1,0.1443455128724217,0.050335489403773956
2021-03-01,2021-02-28,2021-02-28,2021-03-01,Crypto,Equal Weight,Crypto Equal Weight,10,success,False,,1.0,0.1,0.1,0.15533662429037426,0.04938756569929417
2021-04-01,2021-03-31,2021-03-31,2021-04-01,Crypto,Equal Weight,Crypto Equal Weight,10,success,False,,1.0,0.1,0.1,0.07270729548497047,0.04725771019318632
2021-05-01,2021-04-30,2021-04-30,2021-05-01,Crypto,Equal Weight,Crypto Equal Weight,10,success,False,,1.0,0.1,0.1,0.144162226528111,0.04969366329243677
2021-06-01,2021-05-31,2021-05-31,2021-06-01,Crypto,Equal Weight,Crypto Equal Weight,10,success,False,,1.0,0.1,0.1,0.16360572693964281,0.05493279645499826
2021-07-01,2021-06-30,2021-06-30,2021-07-01,Crypto,Equal Weight,Crypto Equal Weight,10,success,False,,1.0,0.1,0.1,0.04903731964210513,0.053798812671152746
2021-08-01,2021-07-31,2021-07-31,2021-08-01,Crypto,Equal Weight,Crypto Equal Weight,10,success,False,,1.0,0.1,0.1,0.031834343635401205,0.05326455194936347
2021-09-01,2021-08-31,2021-08-31,2021-09-01,Crypto,Equal Weight,Crypto Equal Weight,10,success,False,,1.0,0.1,0.1,0.07355296539279191,0.05312828357279045
2021-10-01,2021-09-30,2021-09-30,2021-10-01,Crypto,Equal Weight,Crypto Equal Weight,10,success,False,,1.0,0.1,0.1,0.041287866922086976,0.053006072789140615
2021-11-01,2021-10-31,2021-10-31,2021-11-01,Crypto,Equal Weight,Crypto Equal Weight,10,success,False,,1.0,0.1,0.1,0.045124259763770005,0.05275482208752123
2021-12-01,2021-11-30,2021-11-30,2021-12-01,Crypto,Equal Weight,Crypto Equal Weight,10,success,False,,1.0,0.1,0.1,0.0357010512309129,0.05230580519298243
2022-01-01,2021-12-31,2021-12-31,2022-01-01,Crypto,Equal Weight,Crypto Equal Weight,10,success,False,,1.0,0.1,0.1,0.02441094978075995,0.052503673737006984
2022-02-01,2022-01-31,2022-01-31,2022-02-01,Crypto,Equal Weight,Crypto Equal Weight,10,success,False,,1.0,0.1,0.1,0.02102647982226588,0.05186486179323779
2022-03-01,2022-02-28,2022-02-28,2022-03-01,Crypto,Equal Weight,Crypto Equal Weight,10,success,False,,1.0,0.1,0.1,0.0405182286518643,0.050486721992212116
2022-04-01,2022-03-31,2022-03-31,2022-04-01,Crypto,Equal Weight,Crypto Equal Weight,10,success,False,,1.0,0.1,0.1,0.04004075397274746,0.05001279222485118
2022-05-01,2022-04-30,2022-04-30,2022-05-01,Crypto,Equal Weight,Crypto Equal Weight,10,success,False,,1.0,0.1,0.1,0.044407220905901906,0.05029388924845009
2022-06-01,2022-05-31,2022-05-31,2022-06-01,Crypto,Equal Weight,Crypto Equal Weight,10,success,False,,1.0,0.1,0.1,0.07635119632023679,0.04972997494134691
2022-07-01,2022-06-30,2022-06-30,2022-07-01,Crypto,Equal Weight,Crypto Equal Weight,10,success,False,,1.0,0.1,0.1,0.06226090409213115,0.04837838400622306
2022-08-01,2022-07-31,2022-07-31,2022-08-01,Crypto,Equal Weight,Crypto Equal Weight,10,success,False,,1.0,0.1,0.1,0.10515057503004754,0.04781038964872046
2022-09-01,2022-08-31,2022-08-31,2022-09-01,Crypto,Equal Weight,Crypto Equal Weight,10,success,False,,1.0,0.1,0.1,0.021219935025505163,0.04804649226092715
2022-10-01,2022-09-30,2022-09-30,2022-10-01,Crypto,Equal Weight,Crypto Equal Weight,10,success,False,,1.0,0.1,0.1,0.05771827862462207,0.04867878647645221
2022-11-01,2022-10-31,2022-10-31,2022-11-01,Crypto,Equal Weight,Crypto Equal Weight,10,success,False,,1.0,0.1,0.1,0.030994651938395297,0.04858154102296455
2022-12-01,2022-11-30,2022-11-30,2022-12-01,Crypto,Equal Weight,Crypto Equal Weight,10,success,False,,1.0,0.1,0.1,0.06706297554845747,0.04818411165156414
2023-01-01,2022-12-31,2022-12-31,2023-01-01,Crypto,Equal Weight,Crypto Equal Weight,10,success,False,,1.0,0.1,0.1,0.03730462590512447,0.048408691007972224
2023-02-01,2023-01-31,2023-01-31,2023-02-01,Crypto,Equal Weight,Crypto Equal Weight,10,success,False,,1.0,0.1,0.1,0.03460191722455784,0.048644786499596276
2023-03-01,2023-02-28,2023-02-28,2023-03-01,Crypto,Equal Weight,Crypto Equal Weight,10,success,False,,1.0,0.1,0.1,0.02330339261562521,0.04846695376139827
2023-04-01,2023-03-31,2023-03-31,2023-04-01,Crypto,Equal Weight,Crypto Equal Weight,10,success,False,,1.0,0.1,0.1,0.059650720856814644,0.04814641334731529
2023-05-01,2023-04-30,2023-04-30,2023-05-01,Crypto,Equal Weight,Crypto Equal Weight,10,success,False,,1.0,0.1,0.1,0.031202949289222258,0.04801953440456301
2023-06-01,2023-05-31,2023-05-31,2023-06-01,Crypto,Equal Weight,Crypto Equal Weight,10,success,False,,1.0,0.1,0.1,0.030471567941276312,0.04787535917442745
2023-07-01,2023-06-30,2023-06-30,2023-07-01,Crypto,Equal Weight,Crypto Equal Weight,10,success,False,,1.0,0.1,0.1,0.12587665668300396,0.048438814992501744
2023-08-01,2023-07-31,2023-07-31,2023-08-01,Crypto,Equal Weight,Crypto Equal Weight,10,success,False,,1.0,0.1,0.1,0.07575423527195269,0.047974813632172916
2023-09-01,2023-08-31,2023-08-31,2023-09-01,Crypto,Equal Weight,Crypto Equal Weight,10,success,False,,1.0,0.1,0.1,0.03875494386228875,0.047766901778942786
2023-10-01,2023-09-30,2023-09-30,2023-10-01,Crypto,Equal Weight,Crypto Equal Weight,10,success,False,,1.0,0.1,0.1,0.021186353438420964,0.047723754732433066
2023-11-01,2023-10-31,2023-10-31,2023-11-01,Crypto,Equal Weight,Crypto Equal Weight,10,success,False,,1.0,0.1,0.1,0.024196764756997613,0.04748827086796735
2023-12-01,2023-11-30,2023-11-30,2023-12-01,Crypto,Equal Weight,Crypto Equal Weight,10,success,False,,1.0,0.1,0.1,0.032131615307389026,0.047430884642378046
2021-01-01,2020-12-31,2020-12-31,2021-01-01,Crypto,Minimum Variance,Crypto Minimum Variance,10,success,False,0.0014435617503276417,0.9999999999999998,0.0,0.7962356103573719,,0.779104528034866
2021-02-01,2021-01-31,2021-01-31,2021-02-01,Crypto,Minimum Variance,Crypto Minimum Variance,10,success,False,0.001531794426492678,1.0,0.0,0.7363358348069816,0.08888086072540113,0.7184318640845903
2021-03-01,2021-02-28,2021-02-28,2021-03-01,Crypto,Minimum Variance,Crypto Minimum Variance,10,success,False,0.0016000870605873776,1.0,0.0,0.7818227660348043,0.08416223867781397,0.7728735324352225
2021-04-01,2021-03-31,2021-03-31,2021-04-01,Crypto,Minimum Variance,Crypto Minimum Variance,10,success,False,0.0015740891836965938,1.0,0.0,0.8496316534122278,0.14318022581234277,0.849259011845084
2021-05-01,2021-04-30,2021-04-30,2021-05-01,Crypto,Minimum Variance,Crypto Minimum Variance,10,success,False,0.0015958284457468419,1.0,0.0,0.8482897001636298,0.15644990778714502,0.8401625446059741
2021-06-01,2021-05-31,2021-05-31,2021-06-01,Crypto,Minimum Variance,Crypto Minimum Variance,10,success,False,0.001781029793202598,0.9999999999999999,0.0,0.795689293121158,0.019859554433852386,0.7687769737039755
2021-07-01,2021-06-30,2021-06-30,2021-07-01,Crypto,Minimum Variance,Crypto Minimum Variance,10,success,False,0.001751172568170658,1.0,0.0,0.9743930420031702,0.1833587794990934,0.9739849046704809
2021-08-01,2021-07-31,2021-07-31,2021-08-01,Crypto,Minimum Variance,Crypto Minimum Variance,10,success,False,0.0017705389765713725,0.9999999999999999,0.0,0.7961653868451822,0.18881628250093369,0.772847484515401
2021-09-01,2021-08-31,2021-08-31,2021-09-01,Crypto,Minimum Variance,Crypto Minimum Variance,10,success,False,0.0017369363604696714,1.0,0.0,0.7973837081418723,0.035929432522836716,0.7737999475427623
2021-10-01,2021-09-30,2021-09-30,2021-10-01,Crypto,Minimum Variance,Crypto Minimum Variance,10,success,False,0.0017357651926298496,1.0,0.0,0.8087235459375409,0.019787543812884268,0.7847786661713997
2021-11-01,2021-10-31,2021-10-31,2021-11-01,Crypto,Minimum Variance,Crypto Minimum Variance,10,success,False,0.001663679727926699,1.0,0.0,0.9386334437022144,0.12902008158991574,0.9336556472086277
2021-12-01,2021-11-30,2021-11-30,2021-12-01,Crypto,Minimum Variance,Crypto Minimum Variance,10,success,False,0.0016837091974736744,0.9999999999999999,0.0,0.7854385851691177,0.14548907841285222,0.7602453886912738
2022-01-01,2021-12-31,2021-12-31,2022-01-01,Crypto,Minimum Variance,Crypto Minimum Variance,10,success,False,0.0016734919768280551,1.0,0.0,0.7546533389699992,0.03789646905739885,0.7251081909662753
2022-02-01,2022-01-31,2022-01-31,2022-02-01,Crypto,Minimum Variance,Crypto Minimum Variance,10,success,False,0.001644042021146449,1.0,0.0,0.7514882979913663,0.022371494560779807,0.7207957040198996
2022-03-01,2022-02-28,2022-02-28,2022-03-01,Crypto,Minimum Variance,Crypto Minimum Variance,10,success,False,0.0015840788126871713,1.0,0.0,0.96767917416607,0.21931820075883388,0.9662626528653249
2022-04-01,2022-03-31,2022-03-31,2022-04-01,Crypto,Minimum Variance,Crypto Minimum Variance,10,success,False,0.0016285451308562888,1.0,0.0,0.7296557196410769,0.2483532342304371,0.6994825133083582
2022-05-01,2022-04-30,2022-04-30,2022-05-01,Crypto,Minimum Variance,Crypto Minimum Variance,10,success,False,0.001603624069783325,1.0,0.0,0.7153866548252962,0.011629173914894514,0.6828247064659477
2022-06-01,2022-05-31,2022-05-31,2022-06-01,Crypto,Minimum Variance,Crypto Minimum Variance,10,success,False,0.001537700296266175,1.0,0.0,0.9748984628173583,0.3010256471991297,0.9738958940051738
2022-07-01,2022-06-30,2022-06-30,2022-07-01,Crypto,Minimum Variance,Crypto Minimum Variance,10,success,False,0.0015540631671998144,1.0,0.0,0.9605702850146843,0.032670984507886386,0.9615327042663304
2022-08-01,2022-07-31,2022-07-31,2022-08-01,Crypto,Minimum Variance,Crypto Minimum Variance,10,success,False,0.0015345765588275577,1.0,0.0,0.9223630107027412,0.04804807185175998,0.9216733861017133
2022-09-01,2022-08-31,2022-08-31,2022-09-01,Crypto,Minimum Variance,Crypto Minimum Variance,10,success,False,0.0015089716352117983,0.9999999999999999,0.0,0.9013155949195868,0.01602744748127383,0.8987289671577726
2022-10-01,2022-09-30,2022-09-30,2022-10-01,Crypto,Minimum Variance,Crypto Minimum Variance,10,success,False,0.0015677551083574204,1.0,0.0,0.6978628181001776,0.20408813977921647,0.6636457380054643
2022-11-01,2022-10-31,2022-10-31,2022-11-01,Crypto,Minimum Variance,Crypto Minimum Variance,10,success,False,0.0014740226243653222,1.0,0.0,0.8274876088953287,0.19130905792441075,0.8149440169991856
2022-12-01,2022-11-30,2022-11-30,2022-12-01,Crypto,Minimum Variance,Crypto Minimum Variance,10,success,False,0.0015385752407507107,0.9999999999999999,0.0,0.6818691560646507,0.19568806160681165,0.6451410408721594
2023-01-01,2022-12-31,2022-12-31,2023-01-01,Crypto,Minimum Variance,Crypto Minimum Variance,10,success,False,0.0015016113105707307,1.0,0.0,0.6808948257354689,0.004172455563680903,0.6438620448440336
2023-02-01,2023-01-31,2023-01-31,2023-02-01,Crypto,Minimum Variance,Crypto Minimum Variance,10,success,False,0.001475608491639269,1.0,0.0,0.6795271904367425,0.033567550662268505,0.6428453273316642
2023-03-01,2023-02-28,2023-02-28,2023-03-01,Crypto,Minimum Variance,Crypto Minimum Variance,10,success,False,0.0014560328738125784,1.0,0.0,0.6776714834155221,0.016992756388438106,0.6411608621918786
2023-04-01,2023-03-31,2023-03-31,2023-04-01,Crypto,Minimum Variance,Crypto Minimum Variance,10,success,False,0.001452420758274439,1.0,0.0,0.6726262193861796,0.04656257063189217,0.6364086615817909
2023-05-01,2023-04-30,2023-04-30,2023-05-01,Crypto,Minimum Variance,Crypto Minimum Variance,10,success,False,0.0014260306381344346,1.0,0.0,0.666780183157905,0.005878880786336195,0.630120616398694
2023-06-01,2023-05-31,2023-05-31,2023-06-01,Crypto,Minimum Variance,Crypto Minimum Variance,10,success,False,0.0013998041485776254,1.0,0.0,0.656920148374491,0.03240145694082236,0.6195358590674618
2023-07-01,2023-06-30,2023-06-30,2023-07-01,Crypto,Minimum Variance,Crypto Minimum Variance,10,success,False,0.0013142433666967815,1.0,0.0,0.8254434293420704,0.14697957578099333,0.8157181224328255
2023-08-01,2023-07-31,2023-07-31,2023-08-01,Crypto,Minimum Variance,Crypto Minimum Variance,10,success,False,0.001360334710563874,1.0,0.0,0.6386218458224859,0.17729183974825605,0.5982723127455913
2023-09-01,2023-08-31,2023-08-31,2023-09-01,Crypto,Minimum Variance,Crypto Minimum Variance,10,success,False,0.0012664547632463918,1.0,0.0,0.8205221323442269,0.19794939121897198,0.8105469693415426
2023-10-01,2023-09-30,2023-09-30,2023-10-01,Crypto,Minimum Variance,Crypto Minimum Variance,10,success,False,0.001246866467165541,1.0,0.0,0.7967678769646,0.0254158852518793,0.7832049188780605
2023-11-01,2023-10-31,2023-10-31,2023-11-01,Crypto,Minimum Variance,Crypto Minimum Variance,10,success,False,0.001295606175527717,1.0,0.0,0.6227503128880807,0.21955394631659111,0.5818798233189343
2023-12-01,2023-11-30,2023-11-30,2023-12-01,Crypto,Minimum Variance,Crypto Minimum Variance,10,success,False,0.0012765178558533027,1.0,0.0,0.6263695227814549,0.008676731037258158,0.5861647854906712
2021-01-01,2020-12-31,2020-12-31,2021-01-01,Crypto,Tangency,Crypto Tangency,10,success,False,-0.12815750374878312,1.0,0.0,0.5247746409218099,,0.4519317697019094
2021-02-01,2021-01-31,2021-01-31,2021-02-01,Crypto,Tangency,Crypto Tangency,10,success,False,-0.1419125280063894,0.9999999999999999,0.0,0.6057266180896939,0.2810289689510398,0.6260184195461435
2021-03-01,2021-02-28,2021-02-28,2021-03-01,Crypto,Tangency,Crypto Tangency,10,success,False,-0.16962988831145182,1.0,0.0,0.6558757806044236,0.4268244782194992,0.7982767388805759
2021-04-01,2021-03-31,2021-03-31,2021-04-01,Crypto,Tangency,Crypto Tangency,10,success,False,-0.16401947698889616,1.0,0.0,0.46508469870656705,0.125294302642624,0.5952606894216772
2021-05-01,2021-04-30,2021-04-30,2021-05-01,Crypto,Tangency,Crypto Tangency,10,success,False,-0.16385071420072841,0.9999999999999999,0.0,0.41382385940534816,0.2958120742845231,0.490751318467536
2021-06-01,2021-05-31,2021-05-31,2021-06-01,Crypto,Tangency,Crypto Tangency,10,success,False,-0.1540622365823945,1.0,0.0,0.551495135512455,0.13507877411797062,0.6171799859839313
2021-07-01,2021-06-30,2021-06-30,2021-07-01,Crypto,Tangency,Crypto Tangency,10,success,False,-0.14092183119261392,1.0,0.0,0.5740914613749247,0.0348927224960673,0.638582393111969
2021-08-01,2021-07-31,2021-07-31,2021-08-01,Crypto,Tangency,Crypto Tangency,10,success,False,-0.13654429842096028,1.0,0.0,0.5323520498101383,0.0454905413229735,0.5910895160913001
2021-09-01,2021-08-31,2021-08-31,2021-09-01,Crypto,Tangency,Crypto Tangency,10,success,False,-0.1478296514213026,1.0,0.0,0.6206008025075542,0.041605790224480306,0.6906064678677988
2021-10-01,2021-09-30,2021-09-30,2021-10-01,Crypto,Tangency,Crypto Tangency,10,success,False,-0.1366910459624772,1.0,0.0,0.6113211342473113,0.02230705832978815,0.6778446889566628
2021-11-01,2021-10-31,2021-10-31,2021-11-01,Crypto,Tangency,Crypto Tangency,10,success,False,-0.13635161647159288,1.0,0.0,0.523782440248388,0.02951040477887705,0.5243228847205044
2021-12-01,2021-11-30,2021-11-30,2021-12-01,Crypto,Tangency,Crypto Tangency,10,success,False,-0.13120906721173295,1.0,0.0,0.6055050057833852,0.005296867178008566,0.5737519468298622
2022-01-01,2021-12-31,2021-12-31,2022-01-01,Crypto,Tangency,Crypto Tangency,10,success,False,-0.12205019117186369,1.0,0.0,0.5868131290781394,0.004750847058739759,0.5490641310642109
2022-02-01,2022-01-31,2022-01-31,2022-02-01,Crypto,Tangency,Crypto Tangency,10,success,False,-0.11189560232872782,1.0,0.0,0.54422617194104,0.01925079177962138,0.5023835143742061
2022-03-01,2022-02-28,2022-02-28,2022-03-01,Crypto,Tangency,Crypto Tangency,10,success,False,-0.10929155246781046,1.0,0.0,0.5917288720467726,0.00468473236115382,0.5557396202827286
2022-04-01,2022-03-31,2022-03-31,2022-04-01,Crypto,Tangency,Crypto Tangency,10,success,False,-0.11016975073570588,1.0,0.0,0.5796235180170886,0.004265857404402376,0.5414153134411657
2022-05-01,2022-04-30,2022-04-30,2022-05-01,Crypto,Tangency,Crypto Tangency,10,success,False,-0.10140323549645604,1.0,0.0,0.6402801638478441,0.006185426333669916,0.6129735423597502
2022-06-01,2022-05-31,2022-05-31,2022-06-01,Crypto,Tangency,Crypto Tangency,10,success,False,-0.09221278879553924,1.0,0.0,0.5780395282159027,0.02708256859144632,0.5361495338459634
2022-07-01,2022-06-30,2022-06-30,2022-07-01,Crypto,Tangency,Crypto Tangency,10,success,False,-0.08077159741842023,1.0,0.0,0.554308983516926,0.16792936534309272,0.6255352160097322
2022-08-01,2022-07-31,2022-07-31,2022-08-01,Crypto,Tangency,Crypto Tangency,10,success,False,-0.08518635547729325,1.0000000000000002,0.0,0.48176043248057215,0.17660641206988445,0.4462736664939476
2022-09-01,2022-08-31,2022-08-31,2022-09-01,Crypto,Tangency,Crypto Tangency,10,success,False,-0.081381643404069,1.0,0.0,0.49538444651442876,0.003889856468494824,0.46313488759212823
2022-10-01,2022-09-30,2022-09-30,2022-10-01,Crypto,Tangency,Crypto Tangency,10,success,False,-0.07805565095493819,1.0,0.0,0.4558817495936302,0.04203869724346883,0.4961801554296224
2022-11-01,2022-10-31,2022-10-31,2022-11-01,Crypto,Tangency,Crypto Tangency,10,success,False,-0.07772858166723662,1.0,0.0,0.5658074992113813,0.08833721266373128,0.5415426062397559
2022-12-01,2022-11-30,2022-11-30,2022-12-01,Crypto,Tangency,Crypto Tangency,10,success,False,-0.07225248406578744,1.0,0.0,0.5614677113236524,0.013884206644030382,0.5416595240471717
2023-01-01,2022-12-31,2022-12-31,2023-01-01,Crypto,Tangency,Crypto Tangency,10,success,False,-0.06863353199142484,1.0,0.0,0.6092740635662766,0.05560564532901102,0.6048814495606274
2023-02-01,2023-01-31,2023-01-31,2023-02-01,Crypto,Tangency,Crypto Tangency,10,success,False,-0.07371344323596031,1.0,0.0,0.5844761578826594,0.041341242559929194,0.5626832769800069
2023-03-01,2023-02-28,2023-02-28,2023-03-01,Crypto,Tangency,Crypto Tangency,10,success,False,-0.07233378200819503,1.0,0.0,0.5948593205469775,0.04714816256586734,0.5859763205179065
2023-04-01,2023-03-31,2023-03-31,2023-04-01,Crypto,Tangency,Crypto Tangency,10,success,False,-0.07331035647048145,0.9999999999999999,0.0,0.6436340955929579,0.041174221077434764,0.6316820775141496
2023-05-01,2023-04-30,2023-04-30,2023-05-01,Crypto,Tangency,Crypto Tangency,10,success,False,-0.07266907730619943,0.9999999999999998,0.0,0.6522719396181906,0.006868506981588879,0.6436212692573073
2023-06-01,2023-05-31,2023-05-31,2023-06-01,Crypto,Tangency,Crypto Tangency,10,success,False,-0.07151658675277398,1.0,0.0,0.624887571730991,0.03641411775846233,0.6221688930494607
2023-07-01,2023-06-30,2023-06-30,2023-07-01,Crypto,Tangency,Crypto Tangency,10,success,False,-0.06996280928391442,1.0,0.0,0.7114888934555507,0.05937288082293905,0.7285737543329158
2023-08-01,2023-07-31,2023-07-31,2023-08-01,Crypto,Tangency,Crypto Tangency,10,success,False,-0.06892404917100826,1.0,0.0,0.6620041833093884,0.029998878800974238,0.67570464596118
2023-09-01,2023-08-31,2023-08-31,2023-09-01,Crypto,Tangency,Crypto Tangency,10,success,False,-0.06610040482391846,0.9999999999999999,0.0,0.6578379991438732,0.04031218821200334,0.6763980283207258
2023-10-01,2023-09-30,2023-09-30,2023-10-01,Crypto,Tangency,Crypto Tangency,10,success,False,-0.06597642207653263,1.0,0.0,0.6235187838672985,0.04132120610541973,0.6429477998693984
2023-11-01,2023-10-31,2023-10-31,2023-11-01,Crypto,Tangency,Crypto Tangency,10,success,False,-0.06679545521970151,1.0,0.0,0.6033658415019225,0.01389461347941189,0.6202216943145733
2023-12-01,2023-11-30,2023-11-30,2023-12-01,Crypto,Tangency,Crypto Tangency,10,success,False,-0.0682723568302433,1.0000000000000002,0.0,0.5786832897093268,0.03312665746452691,0.589369743232448
2021-01-01,2020-12-31,2020-12-31,2021-01-01,Crypto,Risk Parity,Crypto Risk Parity,10,success,False,1.446108985066267e-07,1.0,0.0903723528961606,0.1398971828697888,,0.00047304810355403015
2021-02-01,2021-01-31,2021-01-31,2021-02-01,Crypto,Risk Parity,Crypto Risk Parity,10,success,False,4.088620041416915e-08,1.0,0.08391712723348099,0.14091964855618602,0.15160598117170399,0.00021282504711776784
2021-03-01,2021-02-28,2021-02-28,2021-03-01,Crypto,Risk Parity,Crypto Risk Parity,10,success,False,4.252375756748426e-08,1.0,0.0847729500372719,0.14145787168817803,0.13933307899103842,0.00022737020021283694
2021-04-01,2021-03-31,2021-03-31,2021-04-01,Crypto,Risk Parity,Crypto Risk Parity,10,success,False,1.9226427110433647e-07,0.9999999999999998,0.08588238082118242,0.14082481775220831,0.0726894267036195,0.00045901301478751266
2021-05-01,2021-04-30,2021-04-30,2021-05-01,Crypto,Risk Parity,Crypto Risk Parity,10,success,False,5.054061306318561e-08,1.0,0.08583512873206696,0.1448892709578138,0.15311298549182956,0.0002710561100402048
2021-06-01,2021-05-31,2021-05-31,2021-06-01,Crypto,Risk Parity,Crypto Risk Parity,10,success,False,1.8074573636759437e-07,1.0,0.08430970918710638,0.15410316263237825,0.17443566007743122,0.0003896529770091861
2021-07-01,2021-06-30,2021-06-30,2021-07-01,Crypto,Risk Parity,Crypto Risk Parity,10,success,False,1.215060152335538e-07,1.0,0.08462843903810474,0.152561065912858,0.052009613403229085,0.0003091270990105699
2021-08-01,2021-07-31,2021-07-31,2021-08-01,Crypto,Risk Parity,Crypto Risk Parity,10,success,False,7.19125412398398e-07,1.0,0.08441822362380459,0.15233633824752232,0.03608584201246128,0.000774162821538818
2021-09-01,2021-08-31,2021-08-31,2021-09-01,Crypto,Risk Parity,Crypto Risk Parity,10,success,False,2.928582189950736e-07,1.0,0.08473135667167166,0.15213995962812976,0.0749574016957049,0.00044244722744320175
2021-10-01,2021-09-30,2021-09-30,2021-10-01,Crypto,Risk Parity,Crypto Risk Parity,10,success,False,2.627200639131768e-07,1.0,0.08461741045210268,0.15157504174383463,0.04417295755184825,0.00042356528114217973
2021-11-01,2021-10-31,2021-10-31,2021-11-01,Crypto,Risk Parity,Crypto Risk Parity,10,success,False,2.438060738852903e-07,1.0,0.08463599117704404,0.1509066830718608,0.049220962163547086,0.0004397795506670549
2021-12-01,2021-11-30,2021-11-30,2021-12-01,Crypto,Risk Parity,Crypto Risk Parity,10,success,False,2.203531036204133e-07,1.0,0.08482982427227348,0.1504775687087835,0.036055887396276146,0.0004463416624874983
2022-01-01,2021-12-31,2021-12-31,2022-01-01,Crypto,Risk Parity,Crypto Risk Parity,10,success,False,2.073412854270196e-07,1.0,0.08448065337514506,0.14977489195380367,0.024417210303324326,0.0004162460915038274
2022-02-01,2022-01-31,2022-01-31,2022-02-01,Crypto,Risk Parity,Crypto Risk Parity,10,success,False,2.449070890014909e-07,1.0,0.08485398885122289,0.14956666138793037,0.022832047914329863,0.0004642083184343143
2022-03-01,2022-02-28,2022-02-28,2022-03-01,Crypto,Risk Parity,Crypto Risk Parity,10,success,False,2.7551474006463534e-07,1.0,0.0853549911476003,0.1479910304648317,0.04000083278532145,0.0004777823180193569
2022-04-01,2022-03-31,2022-03-31,2022-04-01,Crypto,Risk Parity,Crypto Risk Parity,10,success,False,2.6552494741603194e-07,1.0,0.08543015498304408,0.1471980743466,0.0388129470059281,0.0004630803176360748
2022-05-01,2022-04-30,2022-04-30,2022-05-01,Crypto,Risk Parity,Crypto Risk Parity,10,success,False,2.4190877602208584e-07,0.9999999999999999,0.08517977726348946,0.14708349119794198,0.04494781585027353,0.00046224243752268634
2022-06-01,2022-05-31,2022-05-31,2022-06-01,Crypto,Risk Parity,Crypto Risk Parity,10,success,False,2.622009001594511e-07,1.0,0.08558767529519942,0.14719468311090497,0.07390676969180059,0.0004608378948712105
2022-07-01,2022-06-30,2022-06-30,2022-07-01,Crypto,Risk Parity,Crypto Risk Parity,10,success,False,2.660141419219e-07,1.0,0.08602842884440948,0.14564812632598206,0.060214754448528855,0.0004541898645538389
2022-08-01,2022-07-31,2022-07-31,2022-08-01,Crypto,Risk Parity,Crypto Risk Parity,10,success,False,8.505329787052257e-08,1.0,0.08644518968244941,0.1453208124554178,0.10434750147133949,0.0003702571741418942
2022-09-01,2022-08-31,2022-08-31,2022-09-01,Crypto,Risk Parity,Crypto Risk Parity,10,success,False,8.873305027448722e-08,1.0,0.0860338231342665,0.14500530682190668,0.020600356445153088,0.00037932226647371947
2022-10-01,2022-09-30,2022-09-30,2022-10-01,Crypto,Risk Parity,Crypto Risk Parity,10,success,False,1.0731960583404044e-07,1.0,0.08550046054928218,0.14476901437673312,0.054876909522041356,0.0004078859836577492
2022-11-01,2022-10-31,2022-10-31,2022-11-01,Crypto,Risk Parity,Crypto Risk Parity,10,success,False,1.1832557819556837e-07,1.0,0.08557403216407568,0.14475479873092406,0.03119250360263085,0.00042809348341762976
2022-12-01,2022-11-30,2022-11-30,2022-12-01,Crypto,Risk Parity,Crypto Risk Parity,10,success,False,1.1608105785733983e-07,1.0,0.08581706866602168,0.1439629798611976,0.0655035138451534,0.00039995592331434904
2023-01-01,2022-12-31,2022-12-31,2023-01-01,Crypto,Risk Parity,Crypto Risk Parity,10,success,False,1.2331273454272506e-07,1.0,0.08566451956259083,0.14402116787806446,0.037702849595005646,0.0004103403465777894
2023-02-01,2023-01-31,2023-01-31,2023-02-01,Crypto,Risk Parity,Crypto Risk Parity,10,success,False,1.3383181986966803e-07,1.0,0.08542511787795329,0.1437829265962423,0.035053672835367464,0.00042369807801782844
2023-03-01,2023-02-28,2023-02-28,2023-03-01,Crypto,Risk Parity,Crypto Risk Parity,10,success,False,1.2864959135550132e-07,0.9999999999999998,0.08543040310922677,0.14343133598472882,0.02285225979652456,0.00041761477928543844
2023-04-01,2023-03-31,2023-03-31,2023-04-01,Crypto,Risk Parity,Crypto Risk Parity,10,success,False,1.1668246877196549e-07,1.0,0.08547227958360167,0.14285448034385986,0.05917956196265399,0.00040182043519779165
2023-05-01,2023-04-30,2023-04-30,2023-05-01,Crypto,Risk Parity,Crypto Risk Parity,10,success,False,1.1419575406240233e-07,1.0,0.08550000166788727,0.14267673573367545,0.031386075961404844,0.0003925070733237085
2023-06-01,2023-05-31,2023-05-31,2023-06-01,Crypto,Risk Parity,Crypto Risk Parity,10,success,False,1.112037512033305e-07,1.0000000000000002,0.08553737802035478,0.1424815311457752,0.030523759241467774,0.00038404112010748115
2023-07-01,2023-06-30,2023-06-30,2023-07-01,Crypto,Risk Parity,Crypto Risk Parity,10,success,False,1.3256902361608524e-07,1.0,0.08527883965775475,0.14289735522754707,0.1198206540908728,0.00040793579514818157
2023-08-01,2023-07-31,2023-07-31,2023-08-01,Crypto,Risk Parity,Crypto Risk Parity,10,success,False,1.0131282334791578e-06,1.0,0.08597676955086071,0.14467741826806424,0.07868653617153679,0.0010420595977167907
2023-09-01,2023-08-31,2023-08-31,2023-09-01,Crypto,Risk Parity,Crypto Risk Parity,10,success,False,9.774338490753254e-07,1.0000000000000002,0.08606671996799531,0.14452822108042893,0.038567658286279664,0.0010311932139441538
2023-10-01,2023-09-30,2023-09-30,2023-10-01,Crypto,Risk Parity,Crypto Risk Parity,10,success,False,9.725517389495539e-07,1.0,0.08608842149041124,0.14449634885134938,0.021003871930124055,0.001029514121889688
2023-11-01,2023-10-31,2023-10-31,2023-11-01,Crypto,Risk Parity,Crypto Risk Parity,10,success,False,9.57799175888259e-07,1.0,0.08614645835164986,0.14412687264938537,0.028019849940629407,0.001020604168834885
2023-12-01,2023-11-30,2023-11-30,2023-12-01,Crypto,Risk Parity,Crypto Risk Parity,10,success,False,9.685371570692375e-07,1.0,0.08612333921305335,0.14393713866419117,0.03099467493615337,0.0010259471090278832
2021-01-04,2020-12-31,2020-12-31,2021-01-04,Combined,Equal Weight,Combined Equal Weight,60,success,False,,1.0,0.016666666666666666,0.016666666666666666,,0.02277348318633753
2021-02-01,2021-01-29,2021-01-29,2021-02-01,Combined,Equal Weight,Combined Equal Weight,60,success,False,,1.0,0.016666666666666666,0.016666666666666666,0.04573546134831941,0.023151007440573367
2021-03-01,2021-02-26,2021-02-26,2021-03-01,Combined,Equal Weight,Combined Equal Weight,60,success,False,,1.0,0.016666666666666666,0.016666666666666666,0.06775775218129501,0.02394212199708036
2021-04-01,2021-03-31,2021-03-31,2021-04-01,Combined,Equal Weight,Combined Equal Weight,60,success,False,,1.0,0.016666666666666666,0.016666666666666666,0.03509260108878917,0.02391877037566499
2021-05-03,2021-04-30,2021-04-30,2021-05-03,Combined,Equal Weight,Combined Equal Weight,60,success,False,,1.0,0.016666666666666666,0.016666666666666666,0.07475824087043022,0.02500657614767427
2021-06-01,2021-05-28,2021-05-28,2021-06-01,Combined,Equal Weight,Combined Equal Weight,60,success,False,,1.0,0.016666666666666666,0.016666666666666666,0.041721742689391585,0.02856347425927657
2021-07-01,2021-06-30,2021-06-30,2021-07-01,Combined,Equal Weight,Combined Equal Weight,60,success,False,,1.0,0.016666666666666666,0.016666666666666666,0.049039742593524165,0.0295218479579374
2021-08-02,2021-07-30,2021-07-30,2021-08-02,Combined,Equal Weight,Combined Equal Weight,60,success,False,,1.0,0.016666666666666666,0.016666666666666666,0.02445178467116295,0.029721850293986003
2021-09-01,2021-08-31,2021-08-31,2021-09-01,Combined,Equal Weight,Combined Equal Weight,60,success,False,,1.0,0.016666666666666666,0.016666666666666666,0.04060946333062589,0.03028987901787505
2021-10-01,2021-09-30,2021-09-30,2021-10-01,Combined,Equal Weight,Combined Equal Weight,60,success,False,,1.0,0.016666666666666666,0.016666666666666666,0.03429572469883432,0.031241179266490636
2021-11-01,2021-10-29,2021-10-29,2021-11-01,Combined,Equal Weight,Combined Equal Weight,60,success,False,,1.0,0.016666666666666666,0.016666666666666666,0.035170307554484644,0.03149556038754967
2021-12-01,2021-11-30,2021-11-30,2021-12-01,Combined,Equal Weight,Combined Equal Weight,60,success,False,,1.0,0.016666666666666666,0.016666666666666666,0.03591605717422462,0.03152191395579138
2022-01-03,2021-12-31,2021-12-31,2022-01-03,Combined,Equal Weight,Combined Equal Weight,60,success,False,,1.0,0.016666666666666666,0.016666666666666666,0.03913507795630392,0.031882151854892946
2022-02-01,2022-01-31,2022-01-31,2022-02-01,Combined,Equal Weight,Combined Equal Weight,60,success,False,,1.0,0.016666666666666666,0.016666666666666666,0.05460812741029577,0.03212063800377657
2022-03-01,2022-02-28,2022-02-28,2022-03-01,Combined,Equal Weight,Combined Equal Weight,60,success,False,,1.0,0.016666666666666666,0.016666666666666666,0.04159250723406856,0.03227870040667654
2022-04-01,2022-03-31,2022-03-31,2022-04-01,Combined,Equal Weight,Combined Equal Weight,60,success,False,,1.0,0.016666666666666666,0.016666666666666666,0.03297601930324231,0.03242697967917346
2022-05-02,2022-04-29,2022-04-29,2022-05-02,Combined,Equal Weight,Combined Equal Weight,60,success,False,,1.0,0.016666666666666666,0.016666666666666666,0.044807458371089896,0.032361256958915355
2022-06-01,2022-05-31,2022-05-31,2022-06-01,Combined,Equal Weight,Combined Equal Weight,60,success,False,,1.0,0.016666666666666666,0.016666666666666666,0.06687277616482926,0.032466039653954025
2022-07-01,2022-06-30,2022-06-30,2022-07-01,Combined,Equal Weight,Combined Equal Weight,60,success,False,,1.0,0.016666666666666666,0.016666666666666666,0.04392204006742066,0.03225613896673526
2022-08-01,2022-07-29,2022-07-29,2022-08-01,Combined,Equal Weight,Combined Equal Weight,60,success,False,,1.0,0.016666666666666666,0.016666666666666666,0.03801935484948643,0.03298641253409656
2022-09-01,2022-08-31,2022-08-31,2022-09-01,Combined,Equal Weight,Combined Equal Weight,60,success,False,,1.0,0.016666666666666666,0.016666666666666666,0.026334939747044622,0.033248373775496706
2022-10-03,2022-09-30,2022-09-30,2022-10-03,Combined,Equal Weight,Combined Equal Weight,60,success,False,,1.0,0.016666666666666666,0.016666666666666666,0.03977352362301019,0.032934476392969675
2022-11-01,2022-10-31,2022-10-31,2022-11-01,Combined,Equal Weight,Combined Equal Weight,60,success,False,,1.0,0.016666666666666666,0.016666666666666666,0.03886837796847359,0.032186926611344265
2022-12-01,2022-11-30,2022-11-30,2022-12-01,Combined,Equal Weight,Combined Equal Weight,60,success,False,,1.0,0.016666666666666666,0.016666666666666666,0.03433475283210964,0.032730246415496676
2023-01-03,2022-12-30,2022-12-30,2023-01-03,Combined,Equal Weight,Combined Equal Weight,60,success,False,,1.0,0.016666666666666666,0.016666666666666666,0.02870718149354703,0.03278963953294282
2023-02-01,2023-01-31,2023-01-31,2023-02-01,Combined,Equal Weight,Combined Equal Weight,60,success,False,,1.0,0.016666666666666666,0.016666666666666666,0.036508992597519885,0.033206872654131324
2023-03-01,2023-02-28,2023-02-28,2023-03-01,Combined,Equal Weight,Combined Equal Weight,60,success,False,,1.0,0.016666666666666666,0.016666666666666666,0.02130180502200505,0.033273172077572355
2023-04-03,2023-03-31,2023-03-31,2023-04-03,Combined,Equal Weight,Combined Equal Weight,60,success,False,,1.0,0.016666666666666666,0.016666666666666666,0.03468938046122188,0.03318772304012005
2023-05-01,2023-04-28,2023-04-28,2023-05-01,Combined,Equal Weight,Combined Equal Weight,60,success,False,,1.0,0.016666666666666666,0.016666666666666666,0.02171490049579819,0.03317806168352198
2023-06-01,2023-05-31,2023-05-31,2023-06-01,Combined,Equal Weight,Combined Equal Weight,60,success,False,,1.0,0.016666666666666666,0.016666666666666666,0.031125691028957972,0.03307146375196486
2023-07-03,2023-06-30,2023-06-30,2023-07-03,Combined,Equal Weight,Combined Equal Weight,60,success,False,,1.0,0.016666666666666666,0.016666666666666666,0.04414629574385218,0.03327314224607735
2023-08-01,2023-07-31,2023-07-31,2023-08-01,Combined,Equal Weight,Combined Equal Weight,60,success,False,,1.0,0.016666666666666666,0.016666666666666666,0.03050915640931889,0.03321385527887924
2023-09-01,2023-08-31,2023-08-31,2023-09-01,Combined,Equal Weight,Combined Equal Weight,60,success,False,,1.0,0.016666666666666666,0.016666666666666666,0.032772796871600035,0.033209171755981655
2023-10-02,2023-09-29,2023-09-29,2023-10-02,Combined,Equal Weight,Combined Equal Weight,60,success,False,,1.0,0.016666666666666666,0.016666666666666666,0.026668034707894396,0.03312775005292484
2023-11-01,2023-10-31,2023-10-31,2023-11-01,Combined,Equal Weight,Combined Equal Weight,60,success,False,,1.0,0.016666666666666666,0.016666666666666666,0.023323841287453004,0.03300196339980852
2023-12-01,2023-11-30,2023-11-30,2023-12-01,Combined,Equal Weight,Combined Equal Weight,60,success,False,,1.0,0.016666666666666666,0.016666666666666666,0.0327860792384018,0.032775525579465406
2021-01-04,2020-12-31,2020-12-31,2021-01-04,Combined,Minimum Variance,Combined Minimum Variance,60,success,False,0.0002649110889876307,1.0,0.0,0.09508291144416667,,0.08241801820440289
2021-02-01,2021-01-29,2021-01-29,2021-02-01,Combined,Minimum Variance,Combined Minimum Variance,60,success,False,0.00024257200544142138,1.0,0.0,0.10355027322708471,0.06796916739397312,0.09398479757984013
2021-03-01,2021-02-26,2021-02-26,2021-03-01,Combined,Minimum Variance,Combined Minimum Variance,60,success,False,0.0002314383596100869,0.9999999999999999,0.0,0.10148296304534404,0.021923513583932883,0.09212046662897264
2021-04-01,2021-03-31,2021-03-31,2021-04-01,Combined,Minimum Variance,Combined Minimum Variance,60,success,False,0.00022525105833226742,1.0,0.0,0.09225950015989451,0.0494384948859909,0.08138656280718813
2021-05-03,2021-04-30,2021-04-30,2021-05-03,Combined,Minimum Variance,Combined Minimum Variance,60,success,False,0.00021279371710672501,1.0,0.0,0.09049736811422718,0.021616317394046947,0.08056036114308536
2021-06-01,2021-05-28,2021-05-28,2021-06-01,Combined,Minimum Variance,Combined Minimum Variance,60,success,False,0.0002030821124774574,1.0,0.0,0.08989941644814305,0.021905377898851414,0.08068171332511495
2021-07-01,2021-06-30,2021-06-30,2021-07-01,Combined,Minimum Variance,Combined Minimum Variance,60,success,False,0.00019954824551702207,1.0000000000000002,0.0,0.08178687170985208,0.05221606856189011,0.07104208949736521
2021-08-02,2021-07-30,2021-07-30,2021-08-02,Combined,Minimum Variance,Combined Minimum Variance,60,success,False,0.00018461707806601357,1.0,0.0,0.08845553843749587,0.05187488043054077,0.07980016710542157
2021-09-01,2021-08-31,2021-08-31,2021-09-01,Combined,Minimum Variance,Combined Minimum Variance,60,success,False,0.00017629358202388154,1.0,0.0,0.08760793383791372,0.018046711983721483,0.07957361161674215
2021-10-01,2021-09-30,2021-09-30,2021-10-01,Combined,Minimum Variance,Combined Minimum Variance,60,success,False,0.0001748902895761541,1.0,0.0,0.08110820593212814,0.04887079279181687,0.07098073498912558
2021-11-01,2021-10-29,2021-10-29,2021-11-01,Combined,Minimum Variance,Combined Minimum Variance,60,success,False,0.00017376650739769163,1.0,0.0,0.0752882469911867,0.0550120019192117,0.06324231096470262
2021-12-01,2021-11-30,2021-11-30,2021-12-01,Combined,Minimum Variance,Combined Minimum Variance,60,success,False,0.00016802502369548202,1.0,0.0,0.07597137426602352,0.021734997281216233,0.06358485764945952
2022-01-03,2021-12-31,2021-12-31,2022-01-03,Combined,Minimum Variance,Combined Minimum Variance,60,success,False,0.00016906153657148044,1.0,0.0,0.0679970882204556,0.05917538678851122,0.05482638311871666
2022-02-01,2022-01-31,2022-01-31,2022-02-01,Combined,Minimum Variance,Combined Minimum Variance,60,success,False,0.0001577011165320159,1.0000000000000002,0.0,0.0767012376345735,0.05769731437253451,0.06579147820853455
2022-03-01,2022-02-28,2022-02-28,2022-03-01,Combined,Minimum Variance,Combined Minimum Variance,60,success,False,0.00016598399645934006,1.0000000000000002,0.0,0.063293517266051,0.11006033330521058,0.049290648313340846
2022-04-01,2022-03-31,2022-03-31,2022-04-01,Combined,Minimum Variance,Combined Minimum Variance,60,success,False,0.00016307303293168658,0.9999999999999998,0.0,0.0631683921177898,0.02606284647829755,0.048230234076168575
2022-05-02,2022-04-29,2022-04-29,2022-05-02,Combined,Minimum Variance,Combined Minimum Variance,60,success,False,0.00016150382703425544,0.9999999999999999,0.0,0.06289076406118585,0.030530617707780337,0.04823794684265935
2022-06-01,2022-05-31,2022-05-31,2022-06-01,Combined,Minimum Variance,Combined Minimum Variance,60,success,False,0.00015091724378038822,1.0,0.0,0.07402420740962204,0.08834251252131746,0.062027796695599005
2022-07-01,2022-06-30,2022-06-30,2022-07-01,Combined,Minimum Variance,Combined Minimum Variance,60,success,False,0.00015218405440947216,0.9999999999999998,0.0,0.07251762598593461,0.028041356777269145,0.06025478584051875
2022-08-01,2022-07-29,2022-07-29,2022-08-01,Combined,Minimum Variance,Combined Minimum Variance,60,success,False,0.00014948141693021746,1.0,0.0,0.07164489652849121,0.03547356104172775,0.0599014909060861
2022-09-01,2022-08-31,2022-08-31,2022-09-01,Combined,Minimum Variance,Combined Minimum Variance,60,success,False,0.00015863397861439458,1.0000000000000002,0.0,0.057215625558137174,0.10101052781613046,0.043093384762325944
2022-10-03,2022-09-30,2022-09-30,2022-10-03,Combined,Minimum Variance,Combined Minimum Variance,60,success,False,0.00015863902769837094,1.0,0.0,0.058194248181818474,0.02417440139751797,0.04465778742734879
2022-11-01,2022-10-31,2022-10-31,2022-11-01,Combined,Minimum Variance,Combined Minimum Variance,60,success,False,0.00016026255667349895,1.0,0.0,0.05795952784027537,0.032578714766313265,0.044632867260512465
2022-12-01,2022-11-30,2022-11-30,2022-12-01,Combined,Minimum Variance,Combined Minimum Variance,60,success,False,0.00015835329425493275,1.0000000000000002,0.0,0.059233107969600234,0.033524433795225184,0.046242420515491295
2023-01-03,2022-12-30,2022-12-30,2023-01-03,Combined,Minimum Variance,Combined Minimum Variance,60,success,False,0.0001541155462513838,1.0,0.0,0.061127227514066615,0.023115567224938016,0.048456481699398105
2023-02-01,2023-01-31,2023-01-31,2023-02-01,Combined,Minimum Variance,Combined Minimum Variance,60,success,False,0.00015303057395506443,1.0,0.0,0.059816259666154906,0.02780607586414071,0.047328468446365374
2023-03-01,2023-02-28,2023-02-28,2023-03-01,Combined,Minimum Variance,Combined Minimum Variance,60,success,False,0.00015006348436007435,1.0,0.0,0.0607265609895336,0.018954644701583857,0.048259076257812936
2023-04-03,2023-03-31,2023-03-31,2023-04-03,Combined,Minimum Variance,Combined Minimum Variance,60,success,False,0.00015189631722940363,0.9999999999999999,0.0,0.056660276180213714,0.03827484323249304,0.04404081679229789
2023-05-01,2023-04-28,2023-04-28,2023-05-01,Combined,Minimum Variance,Combined Minimum Variance,60,success,False,0.00014572814080621312,1.0,0.0,0.061078197668695766,0.04061946734696892,0.04865293826178987
2023-06-01,2023-05-31,2023-05-31,2023-06-01,Combined,Minimum Variance,Combined Minimum Variance,60,success,False,0.00014732464354703768,1.0,0.0,0.056273155327730515,0.04395907853553912,0.04374939059633939
2023-07-03,2023-06-30,2023-06-30,2023-07-03,Combined,Minimum Variance,Combined Minimum Variance,60,success,False,0.00014150770015015695,1.0,0.0,0.06006864447660261,0.03780006967146558,0.04742604400439919
2023-08-01,2023-07-31,2023-07-31,2023-08-01,Combined,Minimum Variance,Combined Minimum Variance,60,success,False,0.00013817027709028096,1.0,0.0,0.06137863053966902,0.022179628901403375,0.04838943068502682
2023-09-01,2023-08-31,2023-08-31,2023-09-01,Combined,Minimum Variance,Combined Minimum Variance,60,success,False,0.00014137855471114152,1.0,0.0,0.05445290993148894,0.06066616826231511,0.041388414635514056
2023-10-02,2023-09-29,2023-09-29,2023-10-02,Combined,Minimum Variance,Combined Minimum Variance,60,success,False,0.00013972283499379777,1.0,0.0,0.054089123088509515,0.019657813502915962,0.041085919888576114
2023-11-01,2023-10-31,2023-10-31,2023-11-01,Combined,Minimum Variance,Combined Minimum Variance,60,success,False,0.0001383547981582658,1.0000000000000002,0.0,0.0541102656601943,0.023503813917655568,0.04083614793102286
2023-12-01,2023-11-30,2023-11-30,2023-12-01,Combined,Minimum Variance,Combined Minimum Variance,60,success,False,0.00014367611647834764,1.0,0.0,0.04760573897038455,0.0563905997736109,0.03518119330997979
2021-01-04,2020-12-31,2020-12-31,2021-01-04,Combined,Tangency,Combined Tangency,60,success,False,-0.1839165243309178,0.9999999999999999,0.0,0.5784389906892113,,0.7584092041339449
2021-02-01,2021-01-29,2021-01-29,2021-02-01,Combined,Tangency,Combined Tangency,60,success,False,-0.18557478152946394,1.0,0.0,0.5289728267567929,0.2405493831725112,0.6031828422740612
2021-03-01,2021-02-26,2021-02-26,2021-03-01,Combined,Tangency,Combined Tangency,60,success,False,-0.1983483878877274,1.0000000000000002,0.0,0.4698021137183562,0.2603866438870626,0.4756856258685058
2021-04-01,2021-03-31,2021-03-31,2021-04-01,Combined,Tangency,Combined Tangency,60,success,False,-0.19679614390248035,1.0000000000000002,0.0,0.4618334187293799,0.2606795796135104,0.5476573203751053
2021-05-03,2021-04-30,2021-04-30,2021-05-03,Combined,Tangency,Combined Tangency,60,success,False,-0.19975098676092673,0.9999999999999999,0.0,0.3883906044192372,0.11295007849584798,0.4941097254917819
2021-06-01,2021-05-28,2021-05-28,2021-06-01,Combined,Tangency,Combined Tangency,60,success,False,-0.18284931649856143,1.0,0.0,0.29493236655415844,0.23223347858781218,0.3599233457039153
2021-07-01,2021-06-30,2021-06-30,2021-07-01,Combined,Tangency,Combined Tangency,60,success,False,-0.16708908755569551,1.0,0.0,0.28572526691938266,0.23703739353274908,0.31657338638624694
2021-08-02,2021-07-30,2021-07-30,2021-08-02,Combined,Tangency,Combined Tangency,60,success,False,-0.15916775899698812,1.0,0.0,0.2716042054021213,0.13526152843911754,0.27958164864126667
2021-09-01,2021-08-31,2021-08-31,2021-09-01,Combined,Tangency,Combined Tangency,60,success,False,-0.17022971932655528,1.0,0.0,0.3067907178292554,0.1255030944547848,0.43180784094830166
2021-10-01,2021-09-30,2021-09-30,2021-10-01,Combined,Tangency,Combined Tangency,60,success,False,-0.1536477316076658,1.0,0.0,0.351411166807394,0.10184581640184089,0.47482516898074606
2021-11-01,2021-10-29,2021-10-29,2021-11-01,Combined,Tangency,Combined Tangency,60,success,False,-0.16354741974968734,0.9999999999999999,0.0,0.3044206019486639,0.11782598642956967,0.32677821160411663
2021-12-01,2021-11-30,2021-11-30,2021-12-01,Combined,Tangency,Combined Tangency,60,success,False,-0.15954154116732333,1.0,0.0,0.4738551831162946,0.20380374720425004,0.4305635426103364
2022-01-03,2021-12-31,2021-12-31,2022-01-03,Combined,Tangency,Combined Tangency,60,success,False,-0.14866494424998697,1.0,0.0,0.29641924184039575,0.2268180235989508,0.33310017684688914
2022-02-01,2022-01-31,2022-01-31,2022-02-01,Combined,Tangency,Combined Tangency,60,success,False,-0.1308501381383656,1.0,0.0,0.23348914374782898,0.16223623116750152,0.2884328738888126
2022-03-01,2022-02-28,2022-02-28,2022-03-01,Combined,Tangency,Combined Tangency,60,success,False,-0.1345615591471996,0.9999999999999999,0.0,0.16796157267548822,0.1637011788812438,0.218305623230975
2022-04-01,2022-03-31,2022-03-31,2022-04-01,Combined,Tangency,Combined Tangency,60,success,False,-0.1420048322440386,1.0,0.0,0.1947776917816992,0.11213111306916348,0.18474348418552464
2022-05-02,2022-04-29,2022-04-29,2022-05-02,Combined,Tangency,Combined Tangency,60,success,False,-0.12573187352027124,0.9999999999999998,0.0,0.20452691065073555,0.12544240668632645,0.17821464843369783
2022-06-01,2022-05-31,2022-05-31,2022-06-01,Combined,Tangency,Combined Tangency,60,success,False,-0.10932999702243437,0.9999999999999999,0.0,0.2906136627118152,0.22678980452691785,0.18259331778761487
2022-07-01,2022-06-30,2022-06-30,2022-07-01,Combined,Tangency,Combined Tangency,60,success,False,-0.09737725146612904,1.0,0.0,0.4191527610529682,0.21096597986144522,0.31371663289766943
2022-08-01,2022-07-29,2022-07-29,2022-08-01,Combined,Tangency,Combined Tangency,60,success,False,-0.100397214834991,1.0,0.0,0.3024516869838284,0.3133750677704608,0.18434927381593175
2022-09-01,2022-08-31,2022-08-31,2022-09-01,Combined,Tangency,Combined Tangency,60,success,False,-0.09528092401850256,1.0,0.0,0.24727894512509271,0.15955721870409478,0.23641591484422558
2022-10-03,2022-09-30,2022-09-30,2022-10-03,Combined,Tangency,Combined Tangency,60,success,False,-0.08561233673152192,1.0,0.0,0.37308191045498024,0.18769218669159338,0.24961417188719556
2022-11-01,2022-10-31,2022-10-31,2022-11-01,Combined,Tangency,Combined Tangency,60,success,False,-0.09109591961479434,1.0,0.0,0.3720271471121185,0.1411254609789158,0.23241163447046695
2022-12-01,2022-11-30,2022-11-30,2022-12-01,Combined,Tangency,Combined Tangency,60,success,False,-0.09427729338935008,1.0000000000000002,0.0,0.42907517179738713,0.22716471675023592,0.29350892343987883
2023-01-03,2022-12-30,2022-12-30,2023-01-03,Combined,Tangency,Combined Tangency,60,success,False,-0.08901423536015601,1.0,0.0,0.49903827073432955,0.08049505702114426,0.35626785753126844
2023-02-01,2023-01-31,2023-01-31,2023-02-01,Combined,Tangency,Combined Tangency,60,success,False,-0.09221070930187956,1.0,0.0,0.3488809726038041,0.16477862880886382,0.2668809667214591
2023-03-01,2023-02-28,2023-02-28,2023-03-01,Combined,Tangency,Combined Tangency,60,success,False,-0.0934788401636968,1.0000000000000002,0.0,0.41600963348147096,0.11570474162539611,0.24536911410893025
2023-04-03,2023-03-31,2023-03-31,2023-04-03,Combined,Tangency,Combined Tangency,60,success,False,-0.09357644575876468,1.0,0.0,0.421080774630274,0.08681889522052456,0.3024487778256353
2023-05-01,2023-04-28,2023-04-28,2023-05-01,Combined,Tangency,Combined Tangency,60,success,False,-0.09094596320332449,0.9999999999999999,0.0,0.37649870899175697,0.08225536096548897,0.32038150198709375
2023-06-01,2023-05-31,2023-05-31,2023-06-01,Combined,Tangency,Combined Tangency,60,success,False,-0.09186224269257819,1.0,0.0,0.34336120653453317,0.10915307526519373,0.48882538984051166
2023-07-03,2023-06-30,2023-06-30,2023-07-03,Combined,Tangency,Combined Tangency,60,success,False,-0.09521578067803933,1.0,0.0,0.3466386338318849,0.11052008206301937,0.4783012551016075
2023-08-01,2023-07-31,2023-07-31,2023-08-01,Combined,Tangency,Combined Tangency,60,success,False,-0.09901997288595042,1.0000000000000002,0.0,0.34822862289742734,0.12245850491283462,0.46373268413127977
2023-09-01,2023-08-31,2023-08-31,2023-09-01,Combined,Tangency,Combined Tangency,60,success,False,-0.09696858546490673,1.0,0.0,0.34575244188764415,0.02592499833857277,0.505529472550343
2023-10-02,2023-09-29,2023-09-29,2023-10-02,Combined,Tangency,Combined Tangency,60,success,False,-0.09380595606154589,1.0000000000000002,0.0,0.3511719058313985,0.064525865538675,0.46229463347203187
2023-11-01,2023-10-31,2023-10-31,2023-11-01,Combined,Tangency,Combined Tangency,60,success,False,-0.09073546769096434,1.0,0.0,0.32628937377471245,0.11684087255938944,0.44714804873707603
2023-12-01,2023-11-30,2023-11-30,2023-12-01,Combined,Tangency,Combined Tangency,60,success,False,-0.09349848832013676,1.0000000000000002,0.0,0.3224312474904885,0.0694546810615798,0.4638568994724859
2021-01-04,2020-12-31,2020-12-31,2021-01-04,Combined,Risk Parity,Combined Risk Parity,60,success,False,3.1561548219148894e-07,1.0,0.009075265179422311,0.034601259668779895,,0.0004265704399000862
2021-02-01,2021-01-29,2021-01-29,2021-02-01,Combined,Risk Parity,Combined Risk Parity,60,success,False,2.9972515980380135e-07,0.9999999999999999,0.00905158769261048,0.033717716811409455,0.04179138560931234,0.00037509100638225337
2021-03-01,2021-02-26,2021-02-26,2021-03-01,Combined,Risk Parity,Combined Risk Parity,60,success,False,3.3431753509357406e-07,1.0,0.009006437081120115,0.033511628354684866,0.06275573964174888,0.00038384593491299496
2021-04-01,2021-03-31,2021-03-31,2021-04-01,Combined,Risk Parity,Combined Risk Parity,60,success,False,3.1272564168737225e-07,1.0,0.009080016916959454,0.033242717617854994,0.03030526630176135,0.00035406237116148917
2021-05-03,2021-04-30,2021-04-30,2021-05-03,Combined,Risk Parity,Combined Risk Parity,60,success,False,3.630496941309543e-07,1.0000000000000002,0.009185792606745886,0.03271418892725886,0.05825701581871493,0.0003758406170074058
2021-06-01,2021-05-28,2021-05-28,2021-06-01,Combined,Risk Parity,Combined Risk Parity,60,success,False,2.437916278154885e-07,1.0,0.008424340273507993,0.032645419305759635,0.03517366279846574,0.0003184168348343841
2021-07-01,2021-06-30,2021-06-30,2021-07-01,Combined,Risk Parity,Combined Risk Parity,60,success,False,2.4917813002906366e-07,0.9999999999999999,0.008338057239977787,0.03241467113363365,0.034680179065882076,0.00035290790582035575
2021-08-02,2021-07-30,2021-07-30,2021-08-02,Combined,Risk Parity,Combined Risk Parity,60,success,False,2.6289192983445245e-07,1.0,0.008292516055399443,0.03240538900452406,0.020773626242209187,0.00038352033567424365
2021-09-01,2021-08-31,2021-08-31,2021-09-01,Combined,Risk Parity,Combined Risk Parity,60,success,False,2.8138554917133725e-07,1.0,0.00822988315829133,0.03242811137631599,0.0299516939961096,0.00038470204534537394
2021-10-01,2021-09-30,2021-09-30,2021-10-01,Combined,Risk Parity,Combined Risk Parity,60,success,False,4.051299468569531e-07,1.0000000000000002,0.008069220551037854,0.03232931729703603,0.023779654200760766,0.00048679537388173627
2021-11-01,2021-10-29,2021-10-29,2021-11-01,Combined,Risk Parity,Combined Risk Parity,60,success,False,4.3064913952780143e-07,1.0,0.008020598155043848,0.032380915186829104,0.03469342669051105,0.00046965645161092806
2021-12-01,2021-11-30,2021-11-30,2021-12-01,Combined,Risk Parity,Combined Risk Parity,60,success,False,4.7204270211947134e-07,0.9999999999999998,0.008044450828566809,0.032483645468383573,0.03213639917857249,0.0004911562586416493
2022-01-03,2021-12-31,2021-12-31,2022-01-03,Combined,Risk Parity,Combined Risk Parity,60,success,False,5.333539559845317e-07,1.0000000000000002,0.007994972072353283,0.03270813929524828,0.030011729126763954,0.0005170579447130695
2022-02-01,2022-01-31,2022-01-31,2022-02-01,Combined,Risk Parity,Combined Risk Parity,60,success,False,5.468849757690801e-07,1.0000000000000002,0.007899419767920005,0.03267057935766042,0.04031745038702233,0.0005233350207804258
2022-03-01,2022-02-28,2022-02-28,2022-03-01,Combined,Risk Parity,Combined Risk Parity,60,success,False,1.7003511933529009e-07,1.0,0.007830134430493907,0.03363057530151518,0.034591887516664796,0.00025711001612958514
2022-04-01,2022-03-31,2022-03-31,2022-04-01,Combined,Risk Parity,Combined Risk Parity,60,success,False,1.7782890463107826e-07,1.0,0.007853902216100305,0.034632041199590916,0.028330935672275404,0.00022612277744470458
2022-05-02,2022-04-29,2022-04-29,2022-05-02,Combined,Risk Parity,Combined Risk Parity,60,success,False,1.4844905443262151e-07,0.9999999999999999,0.00787024127504105,0.03414687248164815,0.03805265694021391,0.00020120590770630886
2022-06-01,2022-05-31,2022-05-31,2022-06-01,Combined,Risk Parity,Combined Risk Parity,60,success,False,2.0166316574947914e-07,1.0,0.007616892706363999,0.03361800446413583,0.04682281552099586,0.00026388922284243874
2022-07-01,2022-06-30,2022-06-30,2022-07-01,Combined,Risk Parity,Combined Risk Parity,60,success,False,1.971912433664841e-07,1.0,0.007619150825785144,0.03376066521100919,0.03793074494760411,0.0002408108955201764
2022-08-01,2022-07-29,2022-07-29,2022-08-01,Combined,Risk Parity,Combined Risk Parity,60,success,False,2.4695640865763943e-07,1.0,0.0076086020438040115,0.033548177104572315,0.03602314928485278,0.0002975553219394349
2022-09-01,2022-08-31,2022-08-31,2022-09-01,Combined,Risk Parity,Combined Risk Parity,60,success,False,2.2881285824669325e-07,1.0,0.007584573204064578,0.0330747113968817,0.022106645405814553,0.0003052195531718996
2022-10-03,2022-09-30,2022-09-30,2022-10-03,Combined,Risk Parity,Combined Risk Parity,60,success,False,1.6299462058100717e-07,1.0,0.007630721349793494,0.032564044716204006,0.03440004743176494,0.00022483501824467622
2022-11-01,2022-10-31,2022-10-31,2022-11-01,Combined,Risk Parity,Combined Risk Parity,60,success,False,3.331510988711195e-07,1.0,0.007782235033004588,0.03195058913476853,0.03640985623182745,0.00039086384557061177
2022-12-01,2022-11-30,2022-11-30,2022-12-01,Combined,Risk Parity,Combined Risk Parity,60,success,False,5.287136898197913e-07,1.0,0.007653731750875124,0.03158086614336809,0.031111415058568834,0.0005510492250214508
2023-01-03,2022-12-30,2022-12-30,2023-01-03,Combined,Risk Parity,Combined Risk Parity,60,success,False,5.559366912212404e-07,1.0,0.007679126393506194,0.03139218264120715,0.023360758622751443,0.0005210044506450129
2023-02-01,2023-01-31,2023-01-31,2023-02-01,Combined,Risk Parity,Combined Risk Parity,60,success,False,5.594131683483026e-07,1.0,0.007557507700245811,0.03140510511090982,0.035274354070840765,0.0004944358523870859
2023-03-01,2023-02-28,2023-02-28,2023-03-01,Combined,Risk Parity,Combined Risk Parity,60,success,False,5.780155892464227e-07,1.0000000000000002,0.007547215964168271,0.031476116481677995,0.01993610957655174,0.0005017234780781907
2023-04-03,2023-03-31,2023-03-31,2023-04-03,Combined,Risk Parity,Combined Risk Parity,60,success,False,5.543498461299426e-07,0.9999999999999998,0.007572348794040616,0.031370947304624586,0.02760938936156062,0.000518516535533288
2023-05-01,2023-04-28,2023-04-28,2023-05-01,Combined,Risk Parity,Combined Risk Parity,60,success,False,5.465746120760264e-07,1.0,0.007580429844708501,0.031408313883795884,0.020543957573639686,0.0005291972303037851
2023-06-01,2023-05-31,2023-05-31,2023-06-01,Combined,Risk Parity,Combined Risk Parity,60,success,False,5.397604123574869e-07,1.0,0.007595687943043428,0.03147322080157334,0.027423800167851474,0.0005256901431472463
2023-07-03,2023-06-30,2023-06-30,2023-07-03,Combined,Risk Parity,Combined Risk Parity,60,success,False,5.27559299819462e-07,0.9999999999999999,0.007572238917577472,0.03151659296223804,0.03016857798321713,0.0005465932914883107
2023-08-01,2023-07-31,2023-07-31,2023-08-01,Combined,Risk Parity,Combined Risk Parity,60,success,False,6.285121347755576e-07,1.0,0.007576661154574044,0.031538957608643906,0.025820591577527845,0.0006204001090405163
2023-09-01,2023-08-31,2023-08-31,2023-09-01,Combined,Risk Parity,Combined Risk Parity,60,success,False,6.22259842568195e-07,1.0000000000000002,0.0075635905171110105,0.03150184296832807,0.027087497029541642,0.0006092057068172382
2023-10-02,2023-09-29,2023-09-29,2023-10-02,Combined,Risk Parity,Combined Risk Parity,60,success,False,6.108559952782189e-07,1.0,0.007581899951408092,0.031511088210251205,0.022415295957984444,0.000606523815772024
2023-11-01,2023-10-31,2023-10-31,2023-11-01,Combined,Risk Parity,Combined Risk Parity,60,success,False,5.79171983792509e-07,1.0,0.007601696134669606,0.03161162106611619,0.023093448747246635,0.0006125543856781261
2023-12-01,2023-11-30,2023-11-30,2023-12-01,Combined,Risk Parity,Combined Risk Parity,60,success,False,5.656588148836411e-07,1.0,0.007675325951288298,0.03169331634491186,0.030922132733283144,0.0006065257090722351
